id,batchID,batchIDLastChangedAt,ended,endedLastChangedAt,enemyHealth,enemyHealthLastChangedAt,enemyIntents,enemyIntentsLastChangedAt,gameID,gameIDLastChangedAt,index,indexLastChangedAt,name,nameLastChangedAt,outcome,outcomeLastChangedAt,roundDurationMs,roundDurationMsLastChangedAt,roundEndMessage,roundEndMessageLastChangedAt,roundEndedAt,roundEndedAtLastChangedAt,roundInitialized,roundInitializedLastChangedAt,roundNumber,roundNumberLastChangedAt,roundStartedAt,roundStartedAtLastChangedAt,stage1Turns,stage1TurnsLastChangedAt,stage2Turns,stage2TurnsLastChangedAt,stage3Turns,stage3TurnsLastChangedAt,stage4Turns,stage4TurnsLastChangedAt,stage5Turns,stage5TurnsLastChangedAt,stageIndex,stageIndexLastChangedAt,stageNumber,stageNumberLastChangedAt,start,startLastChangedAt,teamHealth,teamHealthLastChangedAt
01KK17A52T6JTBTAAHSAJ8C37F,01KK14SSXNQ645HH7AJXYEQV6N,2026-03-06T09:22:58.778136587Z,true,2026-03-06T09:36:27.977812393Z,0,2026-03-06T09:36:17.81899784Z,"[""WILL_ATTACK"",""WILL_ATTACK"",""WILL_ATTACK"",""WILL_NOT_ATTACK"",""WILL_ATTACK"",""WILL_ATTACK"",""WILL_NOT_ATTACK"",""WILL_ATTACK"",""WILL_ATTACK"",""WILL_ATTACK""]",2026-03-06T09:22:59.003353248Z,01KK14SSY8E64SK69715NN1TMW,2026-03-06T09:22:58.778136587Z,0,2026-03-06T09:22:58.778136587Z,Round 1,2026-03-06T09:22:58.778136587Z,WIN,2026-03-06T09:36:17.81899784Z,809089,2026-03-06T09:36:28.088277057Z,Victory! You defeated the enemy!,2026-03-06T09:36:17.81899784Z,1772789788085,2026-03-06T09:36:28.088277057Z,true,2026-03-06T09:22:59.003353248Z,1,2026-03-06T09:22:58.778136587Z,1772788978996,2026-03-06T09:22:59.003353248Z,"[{""turnNumber"":1,""actions"":[""ATTACK"",""ATTACK"",""BLOCK""],""roles"":[""FIGHTER"",""FIGHTER"",""TANK""],""enemyIntent"":""WILL_ATTACK"",""previousEnemyHealth"":30,""previousTeamHealth"":5,""damageToEnemy"":5,""damageToTeam"":1,""damageBlocked"":1,""healAmount"":0,""newEnemyHealth"":25,""newTeamHealth"":4},{""turnNumber"":2,""actions"":[""ATTACK"",""ATTACK"",""BLOCK""],""roles"":[""FIGHTER"",""FIGHTER"",""TANK""],""enemyIntent"":""WILL_ATTACK"",""previousEnemyHealth"":25,""previousTeamHealth"":4,""damageToEnemy"":5,""damageToTeam"":1,""damageBlocked"":1,""healAmount"":0,""newEnemyHealth"":20,""newTeamHealth"":3}]",2026-03-06T09:23:17.506790741Z,"[{""turnNumber"":1,""actions"":[""ATTACK"",""HEAL"",""HEAL""],""roles"":[""FIGHTER"",""MEDIC"",""MEDIC""],""enemyIntent"":""WILL_ATTACK"",""previousEnemyHealth"":20,""previousTeamHealth"":3,""damageToEnemy"":4,""damageToTeam"":2,""damageBlocked"":0,""healAmount"":5,""newEnemyHealth"":16,""newTeamHealth"":5},{""turnNumber"":2,""actions"":[""ATTACK"",""ATTACK"",""ATTACK""],""roles"":[""FIGHTER"",""MEDIC"",""MEDIC""],""enemyIntent"":""WILL_NOT_ATTACK"",""previousEnemyHealth"":16,""previousTeamHealth"":5,""damageToEnemy"":6,""damageToTeam"":0,""damageBlocked"":0,""healAmount"":0,""newEnemyHealth"":10,""newTeamHealth"":5}]",2026-03-06T09:29:47.664488746Z,"[{""turnNumber"":1,""actions"":[""ATTACK"",""BLOCK"",""ATTACK""],""roles"":[""FIGHTER"",""TANK"",""MEDIC""],""enemyIntent"":""WILL_ATTACK"",""previousEnemyHealth"":10,""previousTeamHealth"":5,""damageToEnemy"":5,""damageToTeam"":0,""damageBlocked"":2,""healAmount"":0,""newEnemyHealth"":5,""newTeamHealth"":5},{""turnNumber"":2,""actions"":[""ATTACK"",""BLOCK"",""ATTACK""],""roles"":[""FIGHTER"",""TANK"",""MEDIC""],""enemyIntent"":""WILL_ATTACK"",""previousEnemyHealth"":5,""previousTeamHealth"":5,""damageToEnemy"":5,""damageToTeam"":0,""damageBlocked"":2,""healAmount"":0,""newEnemyHealth"":0,""newTeamHealth"":5}]",2026-03-06T09:36:17.81899784Z,,,,,4,2026-03-06T09:36:17.81899784Z,3,2026-03-06T09:36:17.81899784Z,true,2026-03-06T09:22:58.893907066Z,5,2026-03-06T09:29:47.664488746Z
01KK189H5CAY574PYHYMV8VTNE,01KK14SSXNQ645HH7AJXYEQV6N,2026-03-06T09:40:06.956328976Z,true,2026-03-06T09:40:39.730461726Z,30,2026-03-06T09:40:07.405328536Z,"[""WILL_ATTACK"",""WILL_ATTACK"",""WILL_ATTACK"",""WILL_ATTACK"",""WILL_ATTACK"",""WILL_ATTACK"",""WILL_ATTACK"",""WILL_ATTACK"",""WILL_ATTACK"",""WILL_ATTACK""]",2026-03-06T09:40:07.405328536Z,01KK14SSY8E64SK69715NN1TMW,2026-03-06T09:40:06.956328976Z,6,2026-03-06T09:40:06.956328976Z,Round 7,2026-03-06T09:40:06.956328976Z,WIN,2026-03-06T09:40:38.554056487Z,32452,2026-03-06T09:40:39.852785571Z,Victory!,2026-03-06T09:40:38.554056487Z,1772790039849,2026-03-06T09:40:39.852785571Z,true,2026-03-06T09:40:07.405328536Z,7,2026-03-06T09:40:06.956328976Z,1772790007397,2026-03-06T09:40:07.405328536Z,,,,,,,,,,,5,2026-03-06T09:40:38.554056487Z,4,2026-03-06T09:40:38.554056487Z,true,2026-03-06T09:40:07.293076268Z,5,2026-03-06T09:40:07.405328536Z
01KK16FJ2J2CMXZNNK2B4Z6QHC,01KK14SP07FQHYH09Q2SY1KYNF,2026-03-06T09:08:27.346659993Z,true,2026-03-06T09:09:44.388853558Z,0,2026-03-06T09:09:39.225633131Z,"[""WILL_ATTACK"",""WILL_ATTACK"",""WILL_ATTACK"",""WILL_NOT_ATTACK"",""WILL_ATTACK"",""WILL_ATTACK"",""WILL_NOT_ATTACK"",""WILL_ATTACK"",""WILL_ATTACK"",""WILL_ATTACK""]",2026-03-06T09:08:27.57034843Z,01KK14SP2D05SY2J5VP6VS1BFA,2026-03-06T09:08:27.346659993Z,6,2026-03-06T09:08:27.346659993Z,Round 7,2026-03-06T09:08:27.346659993Z,WIN,2026-03-06T09:09:39.225633131Z,76912,2026-03-06T09:09:44.480820389Z,Victory! You defeated the enemy!,2026-03-06T09:09:39.225633131Z,1772788184478,2026-03-06T09:09:44.480820389Z,true,2026-03-06T09:08:27.57034843Z,7,2026-03-06T09:08:27.346659993Z,1772788107566,2026-03-06T09:08:27.57034843Z,"[{""turnNumber"":1,""actions"":[""ATTACK"",""BLOCK"",""BLOCK""],""roles"":[""FIGHTER"",""TANK"",""TANK""],""enemyIntent"":""WILL_ATTACK"",""previousEnemyHealth"":30,""previousTeamHealth"":5,""damageToEnemy"":4,""damageToTeam"":0,""damageBlocked"":2,""healAmount"":0,""newEnemyHealth"":26,""newTeamHealth"":5},{""turnNumber"":2,""actions"":[""ATTACK"",""BLOCK"",""BLOCK""],""roles"":[""FIGHTER"",""TANK"",""TANK""],""enemyIntent"":""WILL_ATTACK"",""previousEnemyHealth"":26,""previousTeamHealth"":5,""damageToEnemy"":4,""damageToTeam"":0,""damageBlocked"":2,""healAmount"":0,""newEnemyHealth"":22,""newTeamHealth"":5}]",2026-03-06T09:08:42.354080184Z,"[{""turnNumber"":1,""actions"":[""ATTACK"",""BLOCK"",""BLOCK""],""roles"":[""FIGHTER"",""TANK"",""TANK""],""enemyIntent"":""WILL_ATTACK"",""previousEnemyHealth"":22,""previousTeamHealth"":5,""damageToEnemy"":4,""damageToTeam"":0,""damageBlocked"":2,""healAmount"":0,""newEnemyHealth"":18,""newTeamHealth"":5},{""turnNumber"":2,""actions"":[""ATTACK"",""ATTACK"",""ATTACK""],""roles"":[""FIGHTER"",""TANK"",""TANK""],""enemyIntent"":""WILL_NOT_ATTACK"",""previousEnemyHealth"":18,""previousTeamHealth"":5,""damageToEnemy"":6,""damageToTeam"":0,""damageBlocked"":0,""healAmount"":0,""newEnemyHealth"":12,""newTeamHealth"":5}]",2026-03-06T09:09:02.594083644Z,"[{""turnNumber"":1,""actions"":[""ATTACK"",""BLOCK"",""BLOCK""],""roles"":[""FIGHTER"",""TANK"",""TANK""],""enemyIntent"":""WILL_ATTACK"",""previousEnemyHealth"":12,""previousTeamHealth"":5,""damageToEnemy"":4,""damageToTeam"":0,""damageBlocked"":2,""healAmount"":0,""newEnemyHealth"":8,""newTeamHealth"":5},{""turnNumber"":2,""actions"":[""ATTACK"",""BLOCK"",""BLOCK""],""roles"":[""FIGHTER"",""TANK"",""TANK""],""enemyIntent"":""WILL_ATTACK"",""previousEnemyHealth"":8,""previousTeamHealth"":5,""damageToEnemy"":4,""damageToTeam"":0,""damageBlocked"":2,""healAmount"":0,""newEnemyHealth"":4,""newTeamHealth"":5}]",2026-03-06T09:09:18.61960458Z,"[{""turnNumber"":1,""actions"":[""ATTACK"",""ATTACK"",""ATTACK""],""roles"":[""FIGHTER"",""FIGHTER"",""TANK""],""enemyIntent"":""WILL_NOT_ATTACK"",""previousEnemyHealth"":4,""previousTeamHealth"":5,""damageToEnemy"":6,""damageToTeam"":0,""damageBlocked"":0,""healAmount"":0,""newEnemyHealth"":0,""newTeamHealth"":5}]",2026-03-06T09:09:39.225633131Z,,,5,2026-03-06T09:09:39.225633131Z,4,2026-03-06T09:09:39.225633131Z,true,2026-03-06T09:08:27.495873568Z,5,2026-03-06T09:08:27.57034843Z
01KK16NSECF3CGGVPZDXENECVQ,01KK14SQV0P481Z3K7NG2WAD1J,2026-03-06T09:11:51.500647166Z,true,2026-03-06T09:13:10.027544301Z,30,2026-03-06T09:11:51.7639163Z,"[""WILL_ATTACK"",""WILL_ATTACK"",""WILL_ATTACK"",""WILL_ATTACK"",""WILL_ATTACK"",""WILL_ATTACK"",""WILL_ATTACK"",""WILL_ATTACK"",""WILL_ATTACK"",""WILL_ATTACK""]",2026-03-06T09:11:51.7639163Z,01KK14SQVR4MGX2VVSH2ZAT939,2026-03-06T09:11:51.500647166Z,4,2026-03-06T09:11:51.500647166Z,Round 5,2026-03-06T09:11:51.500647166Z,LOSE,2026-03-06T09:12:53.457514868Z,78356,2026-03-06T09:13:10.1169302Z,Defeat!,2026-03-06T09:12:53.457514868Z,1772788390111,2026-03-06T09:13:10.1169302Z,true,2026-03-06T09:11:51.7639163Z,5,2026-03-06T09:11:51.500647166Z,1772788311755,2026-03-06T09:11:51.7639163Z,,,,,,,,,,,4,2026-03-06T09:12:53.457514868Z,3,2026-03-06T09:12:53.457514868Z,true,2026-03-06T09:11:51.672004393Z,5,2026-03-06T09:11:51.7639163Z
01KK16R62P4R88EBKAHN7TDWM1,01KK14SQV0P481Z3K7NG2WAD1J,2026-03-06T09:13:09.974699255Z,true,2026-03-06T09:15:01.57513003Z,0,2026-03-06T09:14:10.786728804Z,"[""WILL_ATTACK"",""WILL_ATTACK"",""WILL_ATTACK"",""WILL_NOT_ATTACK"",""WILL_ATTACK"",""WILL_ATTACK"",""WILL_NOT_ATTACK"",""WILL_ATTACK"",""WILL_ATTACK"",""WILL_ATTACK""]",2026-03-06T09:13:10.225025644Z,01KK14SQVR4MGX2VVSH2ZAT939,2026-03-06T09:13:09.974699255Z,5,2026-03-06T09:13:09.974699255Z,Round 6,2026-03-06T09:13:09.974699255Z,WIN,2026-03-06T09:14:10.786728804Z,111529,2026-03-06T09:15:01.760104783Z,Victory! You defeated the enemy!,2026-03-06T09:14:10.786728804Z,1772788501747,2026-03-06T09:15:01.760104783Z,true,2026-03-06T09:13:10.225025644Z,6,2026-03-06T09:13:09.974699255Z,1772788390218,2026-03-06T09:13:10.225025644Z,"[{""turnNumber"":1,""actions"":[""ATTACK"",""BLOCK"",""ATTACK""],""roles"":[""FIGHTER"",""TANK"",""MEDIC""],""enemyIntent"":""WILL_ATTACK"",""previousEnemyHealth"":30,""previousTeamHealth"":5,""damageToEnemy"":5,""damageToTeam"":0,""damageBlocked"":2,""healAmount"":0,""newEnemyHealth"":25,""newTeamHealth"":5},{""turnNumber"":2,""actions"":[""ATTACK"",""BLOCK"",""ATTACK""],""roles"":[""FIGHTER"",""TANK"",""MEDIC""],""enemyIntent"":""WILL_ATTACK"",""previousEnemyHealth"":25,""previousTeamHealth"":5,""damageToEnemy"":5,""damageToTeam"":0,""damageBlocked"":2,""healAmount"":0,""newEnemyHealth"":20,""newTeamHealth"":5}]",2026-03-06T09:13:18.11976296Z,"[{""turnNumber"":1,""actions"":[""ATTACK"",""BLOCK"",""ATTACK""],""roles"":[""FIGHTER"",""TANK"",""MEDIC""],""enemyIntent"":""WILL_ATTACK"",""previousEnemyHealth"":20,""previousTeamHealth"":5,""damageToEnemy"":5,""damageToTeam"":0,""damageBlocked"":2,""healAmount"":0,""newEnemyHealth"":15,""newTeamHealth"":5},{""turnNumber"":2,""actions"":[""ATTACK"",""ATTACK"",""ATTACK""],""roles"":[""FIGHTER"",""TANK"",""MEDIC""],""enemyIntent"":""WILL_NOT_ATTACK"",""previousEnemyHealth"":15,""previousTeamHealth"":5,""damageToEnemy"":6,""damageToTeam"":0,""damageBlocked"":0,""healAmount"":0,""newEnemyHealth"":9,""newTeamHealth"":5}]",2026-03-06T09:13:34.875381499Z,"[{""turnNumber"":1,""actions"":[""ATTACK"",""BLOCK"",""ATTACK""],""roles"":[""FIGHTER"",""TANK"",""MEDIC""],""enemyIntent"":""WILL_ATTACK"",""previousEnemyHealth"":9,""previousTeamHealth"":5,""damageToEnemy"":5,""damageToTeam"":0,""damageBlocked"":2,""healAmount"":0,""newEnemyHealth"":4,""newTeamHealth"":5},{""turnNumber"":2,""actions"":[""ATTACK"",""BLOCK"",""ATTACK""],""roles"":[""FIGHTER"",""TANK"",""MEDIC""],""enemyIntent"":""WILL_ATTACK"",""previousEnemyHealth"":4,""previousTeamHealth"":5,""damageToEnemy"":5,""damageToTeam"":0,""damageBlocked"":2,""healAmount"":0,""newEnemyHealth"":0,""newTeamHealth"":5}]",2026-03-06T09:14:10.786728804Z,,,,,4,2026-03-06T09:14:10.786728804Z,3,2026-03-06T09:14:10.786728804Z,true,2026-03-06T09:13:10.139683148Z,5,2026-03-06T09:13:10.225025644Z
01KK1711HK0WFD3V2B4P2DYY8K,01KK14SRVPK023675GC61HZ1SF,2026-03-06T09:18:00.24398316Z,true,2026-03-06T09:21:10.246161099Z,30,2026-03-06T09:18:00.572983456Z,"[""WILL_ATTACK"",""WILL_ATTACK"",""WILL_ATTACK"",""WILL_ATTACK"",""WILL_ATTACK"",""WILL_ATTACK"",""WILL_ATTACK"",""WILL_ATTACK"",""WILL_ATTACK"",""WILL_ATTACK""]",2026-03-06T09:18:00.572983456Z,01KK14SRWHSKEAMQEN2G8SHW8V,2026-03-06T09:18:00.24398316Z,2,2026-03-06T09:18:00.24398316Z,Round 3,2026-03-06T09:18:00.24398316Z,WIN,2026-03-06T09:19:49.924015334Z,189787,2026-03-06T09:21:10.353842479Z,Victory!,2026-03-06T09:19:49.924015334Z,1772788870350,2026-03-06T09:21:10.353842479Z,true,2026-03-06T09:18:00.572983456Z,3,2026-03-06T09:18:00.24398316Z,1772788680563,2026-03-06T09:18:00.572983456Z,,,,,,,,,,,6,2026-03-06T09:19:49.924015334Z,5,2026-03-06T09:19:49.924015334Z,true,2026-03-06T09:18:00.507640162Z,5,2026-03-06T09:18:00.572983456Z
01KK17B313DF06CWW2BWNN8JQH,01KK14SRVPK023675GC61HZ1SF,2026-03-06T09:23:29.443748427Z,true,2026-03-06T09:25:46.170960316Z,0,2026-03-06T09:24:42.946123552Z,"[""WILL_ATTACK"",""WILL_ATTACK"",""WILL_ATTACK"",""WILL_NOT_ATTACK"",""WILL_ATTACK"",""WILL_ATTACK"",""WILL_NOT_ATTACK"",""WILL_ATTACK"",""WILL_ATTACK"",""WILL_ATTACK""]",2026-03-06T09:23:29.710036786Z,01KK14SRWHSKEAMQEN2G8SHW8V,2026-03-06T09:23:29.443748427Z,4,2026-03-06T09:23:29.443748427Z,Round 5,2026-03-06T09:23:29.443748427Z,WIN,2026-03-06T09:24:42.946123552Z,136578,2026-03-06T09:25:46.284880627Z,Victory! You defeated the enemy!,2026-03-06T09:24:42.946123552Z,1772789146281,2026-03-06T09:25:46.284880627Z,true,2026-03-06T09:23:29.710036786Z,5,2026-03-06T09:23:29.443748427Z,1772789009703,2026-03-06T09:23:29.710036786Z,"[{""turnNumber"":1,""actions"":[""ATTACK"",""ATTACK"",""ATTACK""],""roles"":[""FIGHTER"",""FIGHTER"",""FIGHTER""],""enemyIntent"":""WILL_ATTACK"",""previousEnemyHealth"":30,""previousTeamHealth"":5,""damageToEnemy"":6,""damageToTeam"":2,""damageBlocked"":0,""healAmount"":0,""newEnemyHealth"":24,""newTeamHealth"":3},{""turnNumber"":2,""actions"":[""ATTACK"",""ATTACK"",""ATTACK""],""roles"":[""FIGHTER"",""FIGHTER"",""FIGHTER""],""enemyIntent"":""WILL_ATTACK"",""previousEnemyHealth"":24,""previousTeamHealth"":3,""damageToEnemy"":6,""damageToTeam"":2,""damageBlocked"":0,""healAmount"":0,""newEnemyHealth"":18,""newTeamHealth"":1}]",2026-03-06T09:23:38.967909734Z,"[{""turnNumber"":1,""actions"":[""HEAL"",""ATTACK"",""HEAL""],""roles"":[""MEDIC"",""FIGHTER"",""MEDIC""],""enemyIntent"":""WILL_ATTACK"",""previousEnemyHealth"":18,""previousTeamHealth"":1,""damageToEnemy"":1,""damageToTeam"":2,""damageBlocked"":0,""healAmount"":5,""newEnemyHealth"":17,""newTeamHealth"":4},{""turnNumber"":2,""actions"":[""HEAL"",""ATTACK"",""HEAL""],""roles"":[""MEDIC"",""FIGHTER"",""MEDIC""],""enemyIntent"":""WILL_NOT_ATTACK"",""previousEnemyHealth"":17,""previousTeamHealth"":4,""damageToEnemy"":1,""damageToTeam"":0,""damageBlocked"":0,""healAmount"":5,""newEnemyHealth"":16,""newTeamHealth"":5}]",2026-03-06T09:23:58.900768475Z,"[{""turnNumber"":1,""actions"":[""ATTACK"",""ATTACK"",""ATTACK""],""roles"":[""FIGHTER"",""FIGHTER"",""FIGHTER""],""enemyIntent"":""WILL_ATTACK"",""previousEnemyHealth"":16,""previousTeamHealth"":5,""damageToEnemy"":6,""damageToTeam"":2,""damageBlocked"":0,""healAmount"":0,""newEnemyHealth"":10,""newTeamHealth"":3},{""turnNumber"":2,""actions"":[""ATTACK"",""ATTACK"",""ATTACK""],""roles"":[""FIGHTER"",""FIGHTER"",""FIGHTER""],""enemyIntent"":""WILL_ATTACK"",""previousEnemyHealth"":10,""previousTeamHealth"":3,""damageToEnemy"":6,""damageToTeam"":2,""damageBlocked"":0,""healAmount"":0,""newEnemyHealth"":4,""newTeamHealth"":1}]",2026-03-06T09:24:21.823026672Z,"[{""turnNumber"":1,""actions"":[""HEAL"",""ATTACK"",""HEAL""],""roles"":[""MEDIC"",""FIGHTER"",""MEDIC""],""enemyIntent"":""WILL_NOT_ATTACK"",""previousEnemyHealth"":4,""previousTeamHealth"":1,""damageToEnemy"":1,""damageToTeam"":0,""damageBlocked"":0,""healAmount"":5,""newEnemyHealth"":3,""newTeamHealth"":5},{""turnNumber"":2,""actions"":[""ATTACK"",""ATTACK"",""ATTACK""],""roles"":[""MEDIC"",""FIGHTER"",""MEDIC""],""enemyIntent"":""WILL_ATTACK"",""previousEnemyHealth"":3,""previousTeamHealth"":5,""damageToEnemy"":6,""damageToTeam"":2,""damageBlocked"":0,""healAmount"":0,""newEnemyHealth"":0,""newTeamHealth"":3}]",2026-03-06T09:24:42.946123552Z,,,5,2026-03-06T09:24:42.946123552Z,4,2026-03-06T09:24:42.946123552Z,true,2026-03-06T09:23:29.645746311Z,3,2026-03-06T09:24:42.946123552Z
01KK17JWA29ENEP6QVB7NYGZT6,01KK14SRVPK023675GC61HZ1SF,2026-03-06T09:27:44.706924807Z,true,2026-03-06T09:29:53.566799111Z,0,2026-03-06T09:29:44.077922759Z,"[""WILL_ATTACK"",""WILL_ATTACK"",""WILL_NOT_ATTACK"",""WILL_NOT_ATTACK"",""WILL_ATTACK"",""WILL_ATTACK"",""WILL_NOT_ATTACK"",""WILL_NOT_ATTACK"",""WILL_ATTACK"",""WILL_ATTACK""]",2026-03-06T09:27:44.972583518Z,01KK14SRWHSKEAMQEN2G8SHW8V,2026-03-06T09:27:44.706924807Z,6,2026-03-06T09:27:44.706924807Z,Round 7,2026-03-06T09:27:44.706924807Z,WIN,2026-03-06T09:29:44.077922759Z,128703,2026-03-06T09:29:53.673571082Z,Victory! You defeated the enemy!,2026-03-06T09:29:44.077922759Z,1772789393670,2026-03-06T09:29:53.673571082Z,true,2026-03-06T09:27:44.972583518Z,7,2026-03-06T09:27:44.706924807Z,1772789264967,2026-03-06T09:27:44.972583518Z,"[{""turnNumber"":1,""actions"":[""ATTACK"",""ATTACK"",""ATTACK""],""roles"":[""MEDIC"",""FIGHTER"",""FIGHTER""],""enemyIntent"":""WILL_ATTACK"",""previousEnemyHealth"":25,""previousTeamHealth"":15,""damageToEnemy"":5,""damageToTeam"":5,""damageBlocked"":0,""healAmount"":0,""newEnemyHealth"":20,""newTeamHealth"":10},{""turnNumber"":2,""actions"":[""HEAL"",""ATTACK"",""ATTACK""],""roles"":[""MEDIC"",""FIGHTER"",""FIGHTER""],""enemyIntent"":""WILL_ATTACK"",""previousEnemyHealth"":20,""previousTeamHealth"":10,""damageToEnemy"":4,""damageToTeam"":5,""damageBlocked"":0,""healAmount"":4,""newEnemyHealth"":16,""newTeamHealth"":9}]",2026-03-06T09:27:56.6939812Z,"[{""turnNumber"":1,""actions"":[""HEAL"",""HEAL"",""HEAL""],""roles"":[""MEDIC"",""MEDIC"",""MEDIC""],""enemyIntent"":""WILL_NOT_ATTACK"",""previousEnemyHealth"":16,""previousTeamHealth"":9,""damageToEnemy"":0,""damageToTeam"":0,""damageBlocked"":0,""healAmount"":8,""newEnemyHealth"":16,""newTeamHealth"":15},{""turnNumber"":2,""actions"":[""ATTACK"",""ATTACK"",""ATTACK""],""roles"":[""MEDIC"",""MEDIC"",""MEDIC""],""enemyIntent"":""WILL_NOT_ATTACK"",""previousEnemyHealth"":16,""previousTeamHealth"":15,""damageToEnemy"":5,""damageToTeam"":0,""damageBlocked"":0,""healAmount"":0,""newEnemyHealth"":11,""newTeamHealth"":15}]",2026-03-06T09:28:19.268192019Z,"[{""turnNumber"":1,""actions"":[""ATTACK"",""BLOCK"",""ATTACK""],""roles"":[""FIGHTER"",""TANK"",""FIGHTER""],""enemyIntent"":""WILL_ATTACK"",""previousEnemyHealth"":11,""previousTeamHealth"":15,""damageToEnemy"":3,""damageToTeam"":3,""damageBlocked"":2,""healAmount"":0,""newEnemyHealth"":8,""newTeamHealth"":12},{""turnNumber"":2,""actions"":[""ATTACK"",""BLOCK"",""ATTACK""],""roles"":[""FIGHTER"",""TANK"",""FIGHTER""],""enemyIntent"":""WILL_ATTACK"",""previousEnemyHealth"":8,""previousTeamHealth"":12,""damageToEnemy"":3,""damageToTeam"":3,""damageBlocked"":2,""healAmount"":0,""newEnemyHealth"":5,""newTeamHealth"":9}]",2026-03-06T09:28:57.434617693Z,"[{""turnNumber"":1,""actions"":[""ATTACK"",""ATTACK"",""HEAL""],""roles"":[""FIGHTER"",""TANK"",""MEDIC""],""enemyIntent"":""WILL_NOT_ATTACK"",""previousEnemyHealth"":5,""previousTeamHealth"":9,""damageToEnemy"":3,""damageToTeam"":0,""damageBlocked"":0,""healAmount"":2,""newEnemyHealth"":2,""newTeamHealth"":11},{""turnNumber"":2,""actions"":[""ATTACK"",""ATTACK"",""HEAL""],""roles"":[""FIGHTER"",""TANK"",""MEDIC""],""enemyIntent"":""WILL_NOT_ATTACK"",""previousEnemyHealth"":2,""previousTeamHealth"":11,""damageToEnemy"":3,""damageToTeam"":0,""damageBlocked"":0,""healAmount"":2,""newEnemyHealth"":0,""newTeamHealth"":13}]",2026-03-06T09:29:44.077922759Z,,,5,2026-03-06T09:29:44.077922759Z,4,2026-03-06T09:29:44.077922759Z,true,2026-03-06T09:27:44.899180438Z,13,2026-03-06T09:29:44.077922759Z
01KK184RC2B6QPW9KS7ZSVSHN3,01KK14SSXNQ645HH7AJXYEQV6N,2026-03-06T09:37:30.498926187Z,true,2026-03-06T09:38:14.216067794Z,30,2026-03-06T09:37:30.785748086Z,"[""WILL_ATTACK"",""WILL_ATTACK"",""WILL_ATTACK"",""WILL_ATTACK"",""WILL_ATTACK"",""WILL_ATTACK"",""WILL_ATTACK"",""WILL_ATTACK"",""WILL_ATTACK"",""WILL_ATTACK""]",2026-03-06T09:37:30.785748086Z,01KK14SSY8E64SK69715NN1TMW,2026-03-06T09:37:30.498926187Z,2,2026-03-06T09:37:30.498926187Z,Round 3,2026-03-06T09:37:30.498926187Z,TIMEOUT,2026-03-06T09:38:13.324014686Z,43545,2026-03-06T09:38:14.329983456Z,Time's up! You couldn't defeat the enemy in time.,2026-03-06T09:38:13.324014686Z,1772789894326,2026-03-06T09:38:14.329983456Z,true,2026-03-06T09:37:30.785748086Z,3,2026-03-06T09:37:30.498926187Z,1772789850781,2026-03-06T09:37:30.785748086Z,,,,,,,,,,,6,2026-03-06T09:38:13.324014686Z,5,2026-03-06T09:38:13.324014686Z,true,2026-03-06T09:37:30.723993598Z,5,2026-03-06T09:37:30.785748086Z
01KK16053FR0X122XFMFNA1F6V,01KK14SQV0P481Z3K7NG2WAD1J,2026-03-06T09:00:02.544006186Z,true,2026-03-06T09:07:30.996704488Z,10,2026-03-06T09:07:14.886328143Z,"[""WILL_ATTACK"",""WILL_ATTACK"",""WILL_ATTACK"",""WILL_NOT_ATTACK"",""WILL_ATTACK"",""WILL_ATTACK"",""WILL_NOT_ATTACK"",""WILL_ATTACK"",""WILL_ATTACK"",""WILL_ATTACK""]",2026-03-06T09:00:03.064065059Z,01KK14SQVR4MGX2VVSH2ZAT939,2026-03-06T09:00:02.544006186Z,0,2026-03-06T09:00:02.544006186Z,Round 1,2026-03-06T09:00:02.544006186Z,TIMEOUT,2026-03-06T09:07:14.886328143Z,448024,2026-03-06T09:07:31.085396781Z,Time's up! You couldn't defeat the enemy in time.,2026-03-06T09:07:14.886328143Z,1772788051081,2026-03-06T09:07:31.085396781Z,true,2026-03-06T09:00:03.064065059Z,1,2026-03-06T09:00:02.544006186Z,1772787603057,2026-03-06T09:00:03.064065059Z,"[{""turnNumber"":1,""actions"":[""ATTACK"",""BLOCK"",""ATTACK""],""roles"":[""MEDIC"",""TANK"",""MEDIC""],""enemyIntent"":""WILL_ATTACK"",""previousEnemyHealth"":30,""previousTeamHealth"":15,""damageToEnemy"":5,""damageToTeam"":3,""damageBlocked"":4,""healAmount"":0,""newEnemyHealth"":25,""newTeamHealth"":12},{""turnNumber"":2,""actions"":[""HEAL"",""BLOCK"",""HEAL""],""roles"":[""MEDIC"",""TANK"",""MEDIC""],""enemyIntent"":""WILL_ATTACK"",""previousEnemyHealth"":25,""previousTeamHealth"":12,""damageToEnemy"":0,""damageToTeam"":3,""damageBlocked"":4,""healAmount"":5,""newEnemyHealth"":25,""newTeamHealth"":14}]",2026-03-06T09:01:18.30104099Z,"[{""turnNumber"":1,""actions"":[""HEAL"",""ATTACK"",""HEAL""],""roles"":[""MEDIC"",""FIGHTER"",""MEDIC""],""enemyIntent"":""WILL_ATTACK"",""previousEnemyHealth"":25,""previousTeamHealth"":14,""damageToEnemy"":1,""damageToTeam"":7,""damageBlocked"":0,""healAmount"":5,""newEnemyHealth"":24,""newTeamHealth"":12},{""turnNumber"":2,""actions"":[""HEAL"",""ATTACK"",""HEAL""],""roles"":[""MEDIC"",""FIGHTER"",""MEDIC""],""enemyIntent"":""WILL_NOT_ATTACK"",""previousEnemyHealth"":24,""previousTeamHealth"":12,""damageToEnemy"":1,""damageToTeam"":0,""damageBlocked"":0,""healAmount"":5,""newEnemyHealth"":23,""newTeamHealth"":15}]",2026-03-06T09:03:53.903051209Z,"[{""turnNumber"":1,""actions"":[""ATTACK"",""ATTACK"",""ATTACK""],""roles"":[""FIGHTER"",""FIGHTER"",""MEDIC""],""enemyIntent"":""WILL_ATTACK"",""previousEnemyHealth"":23,""previousTeamHealth"":15,""damageToEnemy"":6,""damageToTeam"":7,""damageBlocked"":0,""healAmount"":0,""newEnemyHealth"":17,""newTeamHealth"":8},{""turnNumber"":2,""actions"":[""ATTACK"",""ATTACK"",""HEAL""],""roles"":[""FIGHTER"",""FIGHTER"",""MEDIC""],""enemyIntent"":""WILL_ATTACK"",""previousEnemyHealth"":17,""previousTeamHealth"":8,""damageToEnemy"":5,""damageToTeam"":7,""damageBlocked"":0,""healAmount"":4,""newEnemyHealth"":12,""newTeamHealth"":5}]",2026-03-06T09:06:12.198361235Z,"[{""turnNumber"":1,""actions"":[""HEAL"",""HEAL"",""HEAL""],""roles"":[""MEDIC"",""MEDIC"",""MEDIC""],""enemyIntent"":""WILL_NOT_ATTACK"",""previousEnemyHealth"":12,""previousTeamHealth"":5,""damageToEnemy"":0,""damageToTeam"":0,""damageBlocked"":0,""healAmount"":6,""newEnemyHealth"":12,""newTeamHealth"":11},{""turnNumber"":2,""actions"":[""HEAL"",""HEAL"",""HEAL""],""roles"":[""MEDIC"",""MEDIC"",""MEDIC""],""enemyIntent"":""WILL_ATTACK"",""previousEnemyHealth"":12,""previousTeamHealth"":11,""damageToEnemy"":0,""damageToTeam"":7,""damageBlocked"":0,""healAmount"":6,""newEnemyHealth"":12,""newTeamHealth"":10}]",2026-03-06T09:06:48.795655702Z,"[{""turnNumber"":1,""actions"":[""HEAL"",""ATTACK"",""HEAL""],""roles"":[""MEDIC"",""FIGHTER"",""MEDIC""],""enemyIntent"":""WILL_ATTACK"",""previousEnemyHealth"":12,""previousTeamHealth"":10,""damageToEnemy"":1,""damageToTeam"":7,""damageBlocked"":0,""healAmount"":5,""newEnemyHealth"":11,""newTeamHealth"":8},{""turnNumber"":2,""actions"":[""HEAL"",""ATTACK"",""HEAL""],""roles"":[""MEDIC"",""FIGHTER"",""MEDIC""],""enemyIntent"":""WILL_ATTACK"",""previousEnemyHealth"":11,""previousTeamHealth"":8,""damageToEnemy"":1,""damageToTeam"":7,""damageBlocked"":0,""healAmount"":5,""newEnemyHealth"":10,""newTeamHealth"":6}]",2026-03-06T09:07:14.886328143Z,6,2026-03-06T09:07:14.886328143Z,5,2026-03-06T09:07:14.886328143Z,true,2026-03-06T09:00:02.815180556Z,6,2026-03-06T09:07:14.886328143Z
01KK16CBGWWQ9FZSTD7BYJG7CG,01KK14SP07FQHYH09Q2SY1KYNF,2026-03-06T09:06:42.332742185Z,true,2026-03-06T09:08:27.39960862Z,30,2026-03-06T09:06:42.566349306Z,"[""WILL_ATTACK"",""WILL_ATTACK"",""WILL_ATTACK"",""WILL_ATTACK"",""WILL_ATTACK"",""WILL_ATTACK"",""WILL_ATTACK"",""WILL_ATTACK"",""WILL_ATTACK"",""WILL_ATTACK""]",2026-03-06T09:06:42.566349306Z,01KK14SP2D05SY2J5VP6VS1BFA,2026-03-06T09:06:42.332742185Z,5,2026-03-06T09:06:42.332742185Z,Round 6,2026-03-06T09:06:42.332742185Z,LOSE,2026-03-06T09:08:00.166494824Z,104920,2026-03-06T09:08:27.484003985Z,Defeat!,2026-03-06T09:08:00.166494824Z,1772788107481,2026-03-06T09:08:27.484003985Z,true,2026-03-06T09:06:42.566349306Z,6,2026-03-06T09:06:42.332742185Z,1772788002561,2026-03-06T09:06:42.566349306Z,,,,,,,,,,,6,2026-03-06T09:08:00.166494824Z,5,2026-03-06T09:08:00.166494824Z,true,2026-03-06T09:06:42.511839794Z,5,2026-03-06T09:06:42.566349306Z
01KK16HX8P0SW37R418W4C8CGS,01KK14SP07FQHYH09Q2SY1KYNF,2026-03-06T09:09:44.342590983Z,true,2026-03-06T09:11:23.873851112Z,30,2026-03-06T09:09:44.581001112Z,"[""WILL_ATTACK"",""WILL_ATTACK"",""WILL_ATTACK"",""WILL_ATTACK"",""WILL_ATTACK"",""WILL_ATTACK"",""WILL_ATTACK"",""WILL_ATTACK"",""WILL_ATTACK"",""WILL_ATTACK""]",2026-03-06T09:09:44.581001112Z,01KK14SP2D05SY2J5VP6VS1BFA,2026-03-06T09:09:44.342590983Z,7,2026-03-06T09:09:44.342590983Z,Round 8,2026-03-06T09:09:44.342590983Z,TIMEOUT,2026-03-06T09:11:12.762537441Z,99327,2026-03-06T09:11:23.89956264Z,Time's up! You couldn't defeat the enemy in time.,2026-03-06T09:11:12.762537441Z,1772788283896,2026-03-06T09:11:23.89956264Z,true,2026-03-06T09:09:44.581001112Z,8,2026-03-06T09:09:44.342590983Z,1772788184569,2026-03-06T09:09:44.581001112Z,,,,,,,,,,,7,2026-03-06T09:11:18.40218713Z,5,2026-03-06T09:11:12.762537441Z,true,2026-03-06T09:09:44.497932278Z,5,2026-03-06T09:09:44.581001112Z
01KK15ZACCMVS9G9GWWF4PMQW6,01KK14SP07FQHYH09Q2SY1KYNF,2026-03-06T08:59:35.18082123Z,true,2026-03-06T09:02:09.325095727Z,3,2026-03-06T09:01:48.682534978Z,"[""WILL_ATTACK"",""WILL_ATTACK"",""WILL_NOT_ATTACK"",""WILL_NOT_ATTACK"",""WILL_ATTACK"",""WILL_ATTACK"",""WILL_NOT_ATTACK"",""WILL_NOT_ATTACK"",""WILL_ATTACK"",""WILL_ATTACK""]",2026-03-06T08:59:35.421787674Z,01KK14SP2D05SY2J5VP6VS1BFA,2026-03-06T08:59:35.18082123Z,1,2026-03-06T08:59:35.18082123Z,Round 2,2026-03-06T08:59:35.18082123Z,TIMEOUT,2026-03-06T09:01:48.682534978Z,153983,2026-03-06T09:02:09.404083525Z,Time's up! You couldn't defeat the enemy in time.,2026-03-06T09:01:48.682534978Z,1772787729399,2026-03-06T09:02:09.404083525Z,true,2026-03-06T08:59:35.421787674Z,2,2026-03-06T08:59:35.18082123Z,1772787575416,2026-03-06T08:59:35.421787674Z,"[{""turnNumber"":1,""actions"":[""BLOCK"",""BLOCK"",""ATTACK""],""roles"":[""TANK"",""TANK"",""FIGHTER""],""enemyIntent"":""WILL_ATTACK"",""previousEnemyHealth"":25,""previousTeamHealth"":15,""damageToEnemy"":2,""damageToTeam"":3,""damageBlocked"":2,""healAmount"":0,""newEnemyHealth"":23,""newTeamHealth"":12},{""turnNumber"":2,""actions"":[""BLOCK"",""BLOCK"",""ATTACK""],""roles"":[""TANK"",""TANK"",""FIGHTER""],""enemyIntent"":""WILL_ATTACK"",""previousEnemyHealth"":23,""previousTeamHealth"":12,""damageToEnemy"":2,""damageToTeam"":3,""damageBlocked"":2,""healAmount"":0,""newEnemyHealth"":21,""newTeamHealth"":9}]",2026-03-06T08:59:53.537103395Z,"[{""turnNumber"":1,""actions"":[""HEAL"",""HEAL"",""ATTACK""],""roles"":[""MEDIC"",""MEDIC"",""FIGHTER""],""enemyIntent"":""WILL_NOT_ATTACK"",""previousEnemyHealth"":21,""previousTeamHealth"":9,""damageToEnemy"":2,""damageToTeam"":0,""damageBlocked"":0,""healAmount"":6,""newEnemyHealth"":19,""newTeamHealth"":15},{""turnNumber"":2,""actions"":[""ATTACK"",""ATTACK"",""ATTACK""],""roles"":[""MEDIC"",""MEDIC"",""FIGHTER""],""enemyIntent"":""WILL_NOT_ATTACK"",""previousEnemyHealth"":19,""previousTeamHealth"":15,""damageToEnemy"":5,""damageToTeam"":0,""damageBlocked"":0,""healAmount"":0,""newEnemyHealth"":14,""newTeamHealth"":15}]",2026-03-06T09:00:17.554503571Z,"[{""turnNumber"":1,""actions"":[""ATTACK"",""BLOCK"",""BLOCK""],""roles"":[""FIGHTER"",""TANK"",""TANK""],""enemyIntent"":""WILL_ATTACK"",""previousEnemyHealth"":14,""previousTeamHealth"":15,""damageToEnemy"":1,""damageToTeam"":3,""damageBlocked"":2,""healAmount"":0,""newEnemyHealth"":13,""newTeamHealth"":12},{""turnNumber"":2,""actions"":[""ATTACK"",""BLOCK"",""BLOCK""],""roles"":[""FIGHTER"",""TANK"",""TANK""],""enemyIntent"":""WILL_ATTACK"",""previousEnemyHealth"":13,""previousTeamHealth"":12,""damageToEnemy"":1,""damageToTeam"":3,""damageBlocked"":2,""healAmount"":0,""newEnemyHealth"":12,""newTeamHealth"":9}]",2026-03-06T09:00:52.449038671Z,"[{""turnNumber"":1,""actions"":[""HEAL"",""HEAL"",""ATTACK""],""roles"":[""MEDIC"",""MEDIC"",""TANK""],""enemyIntent"":""WILL_NOT_ATTACK"",""previousEnemyHealth"":12,""previousTeamHealth"":9,""damageToEnemy"":2,""damageToTeam"":0,""damageBlocked"":0,""healAmount"":6,""newEnemyHealth"":10,""newTeamHealth"":15},{""turnNumber"":2,""actions"":[""ATTACK"",""ATTACK"",""ATTACK""],""roles"":[""MEDIC"",""MEDIC"",""TANK""],""enemyIntent"":""WILL_NOT_ATTACK"",""previousEnemyHealth"":10,""previousTeamHealth"":15,""damageToEnemy"":5,""damageToTeam"":0,""damageBlocked"":0,""healAmount"":0,""newEnemyHealth"":5,""newTeamHealth"":15}]",2026-03-06T09:01:23.402348074Z,"[{""turnNumber"":1,""actions"":[""ATTACK"",""BLOCK"",""BLOCK""],""roles"":[""FIGHTER"",""TANK"",""TANK""],""enemyIntent"":""WILL_ATTACK"",""previousEnemyHealth"":5,""previousTeamHealth"":15,""damageToEnemy"":1,""damageToTeam"":3,""damageBlocked"":2,""healAmount"":0,""newEnemyHealth"":4,""newTeamHealth"":12},{""turnNumber"":2,""actions"":[""ATTACK"",""BLOCK"",""BLOCK""],""roles"":[""FIGHTER"",""TANK"",""TANK""],""enemyIntent"":""WILL_ATTACK"",""previousEnemyHealth"":4,""previousTeamHealth"":12,""damageToEnemy"":1,""damageToTeam"":3,""damageBlocked"":2,""healAmount"":0,""newEnemyHealth"":3,""newTeamHealth"":9}]",2026-03-06T09:01:48.682534978Z,6,2026-03-06T09:01:48.682534978Z,5,2026-03-06T09:01:48.682534978Z,true,2026-03-06T08:59:35.350675859Z,9,2026-03-06T09:01:48.682534978Z
01KK16DV06Q1FP9X4NX7Y9QX7G,01KK14SQV0P481Z3K7NG2WAD1J,2026-03-06T09:07:30.950427185Z,true,2026-03-06T09:09:28.151552638Z,0,2026-03-06T09:09:21.506199727Z,"[""WILL_ATTACK"",""WILL_ATTACK"",""WILL_NOT_ATTACK"",""WILL_NOT_ATTACK"",""WILL_ATTACK"",""WILL_ATTACK"",""WILL_NOT_ATTACK"",""WILL_NOT_ATTACK"",""WILL_ATTACK"",""WILL_ATTACK""]",2026-03-06T09:07:31.187903084Z,01KK14SQVR4MGX2VVSH2ZAT939,2026-03-06T09:07:30.950427185Z,1,2026-03-06T09:07:30.950427185Z,Round 2,2026-03-06T09:07:30.950427185Z,WIN,2026-03-06T09:09:21.506199727Z,117061,2026-03-06T09:09:28.246582842Z,Victory! You defeated the enemy!,2026-03-06T09:09:21.506199727Z,1772788168242,2026-03-06T09:09:28.246582842Z,true,2026-03-06T09:07:31.187903084Z,2,2026-03-06T09:07:30.950427185Z,1772788051181,2026-03-06T09:07:31.187903084Z,"[{""turnNumber"":1,""actions"":[""ATTACK"",""ATTACK"",""ATTACK""],""roles"":[""FIGHTER"",""MEDIC"",""MEDIC""],""enemyIntent"":""WILL_ATTACK"",""previousEnemyHealth"":30,""previousTeamHealth"":15,""damageToEnemy"":6,""damageToTeam"":5,""damageBlocked"":0,""healAmount"":0,""newEnemyHealth"":24,""newTeamHealth"":10},{""turnNumber"":2,""actions"":[""ATTACK"",""HEAL"",""HEAL""],""roles"":[""FIGHTER"",""MEDIC"",""MEDIC""],""enemyIntent"":""WILL_ATTACK"",""previousEnemyHealth"":24,""previousTeamHealth"":10,""damageToEnemy"":4,""damageToTeam"":5,""damageBlocked"":0,""healAmount"":5,""newEnemyHealth"":20,""newTeamHealth"":10}]",2026-03-06T09:07:45.672264239Z,"[{""turnNumber"":1,""actions"":[""ATTACK"",""ATTACK"",""HEAL""],""roles"":[""FIGHTER"",""TANK"",""MEDIC""],""enemyIntent"":""WILL_NOT_ATTACK"",""previousEnemyHealth"":20,""previousTeamHealth"":10,""damageToEnemy"":5,""damageToTeam"":0,""damageBlocked"":0,""healAmount"":4,""newEnemyHealth"":15,""newTeamHealth"":14},{""turnNumber"":2,""actions"":[""ATTACK"",""ATTACK"",""HEAL""],""roles"":[""FIGHTER"",""TANK"",""MEDIC""],""enemyIntent"":""WILL_NOT_ATTACK"",""previousEnemyHealth"":15,""previousTeamHealth"":14,""damageToEnemy"":5,""damageToTeam"":0,""damageBlocked"":0,""healAmount"":4,""newEnemyHealth"":10,""newTeamHealth"":15}]",2026-03-06T09:08:54.158068047Z,"[{""turnNumber"":1,""actions"":[""ATTACK"",""ATTACK"",""ATTACK""],""roles"":[""FIGHTER"",""MEDIC"",""MEDIC""],""enemyIntent"":""WILL_ATTACK"",""previousEnemyHealth"":10,""previousTeamHealth"":15,""damageToEnemy"":6,""damageToTeam"":5,""damageBlocked"":0,""healAmount"":0,""newEnemyHealth"":4,""newTeamHealth"":10},{""turnNumber"":2,""actions"":[""ATTACK"",""HEAL"",""HEAL""],""roles"":[""FIGHTER"",""MEDIC"",""MEDIC""],""enemyIntent"":""WILL_ATTACK"",""previousEnemyHealth"":4,""previousTeamHealth"":10,""damageToEnemy"":4,""damageToTeam"":5,""damageBlocked"":0,""healAmount"":5,""newEnemyHealth"":0,""newTeamHealth"":10}]",2026-03-06T09:09:21.506199727Z,,,,,4,2026-03-06T09:09:21.506199727Z,3,2026-03-06T09:09:21.506199727Z,true,2026-03-06T09:07:31.102443283Z,10,2026-03-06T09:09:21.506199727Z
01KK16KDXVD5EHP62DRTZ8HY4M,01KK14SQV0P481Z3K7NG2WAD1J,2026-03-06T09:10:34.17110327Z,true,2026-03-06T09:11:51.555247204Z,0,2026-03-06T09:11:27.520673572Z,"[""WILL_ATTACK"",""WILL_NOT_ATTACK"",""WILL_NOT_ATTACK"",""WILL_NOT_ATTACK"",""WILL_NOT_ATTACK"",""WILL_ATTACK"",""WILL_NOT_ATTACK"",""WILL_NOT_ATTACK"",""WILL_NOT_ATTACK"",""WILL_NOT_ATTACK""]",2026-03-06T09:10:34.413369906Z,01KK14SQVR4MGX2VVSH2ZAT939,2026-03-06T09:10:34.17110327Z,3,2026-03-06T09:10:34.17110327Z,Round 4,2026-03-06T09:10:34.17110327Z,WIN,2026-03-06T09:11:27.520673572Z,77228,2026-03-06T09:11:51.643610896Z,Victory! You defeated the enemy!,2026-03-06T09:11:27.520673572Z,1772788311635,2026-03-06T09:11:51.643610896Z,true,2026-03-06T09:10:34.413369906Z,4,2026-03-06T09:10:34.17110327Z,1772788234407,2026-03-06T09:10:34.413369906Z,"[{""turnNumber"":1,""actions"":[""ATTACK"",""BLOCK"",""ATTACK""],""roles"":[""FIGHTER"",""TANK"",""FIGHTER""],""enemyIntent"":""WILL_ATTACK"",""previousEnemyHealth"":30,""previousTeamHealth"":10,""damageToEnemy"":6,""damageToTeam"":7,""damageBlocked"":2,""healAmount"":0,""newEnemyHealth"":24,""newTeamHealth"":3},{""turnNumber"":2,""actions"":[""ATTACK"",""ATTACK"",""ATTACK""],""roles"":[""FIGHTER"",""TANK"",""FIGHTER""],""enemyIntent"":""WILL_NOT_ATTACK"",""previousEnemyHealth"":24,""previousTeamHealth"":3,""damageToEnemy"":8,""damageToTeam"":0,""damageBlocked"":0,""healAmount"":0,""newEnemyHealth"":16,""newTeamHealth"":3}]",2026-03-06T09:10:49.026753288Z,"[{""turnNumber"":1,""actions"":[""ATTACK"",""HEAL"",""HEAL""],""roles"":[""FIGHTER"",""MEDIC"",""MEDIC""],""enemyIntent"":""WILL_NOT_ATTACK"",""previousEnemyHealth"":16,""previousTeamHealth"":3,""damageToEnemy"":4,""damageToTeam"":0,""damageBlocked"":0,""healAmount"":4,""newEnemyHealth"":12,""newTeamHealth"":7},{""turnNumber"":2,""actions"":[""ATTACK"",""HEAL"",""HEAL""],""roles"":[""FIGHTER"",""MEDIC"",""MEDIC""],""enemyIntent"":""WILL_NOT_ATTACK"",""previousEnemyHealth"":12,""previousTeamHealth"":7,""damageToEnemy"":4,""damageToTeam"":0,""damageBlocked"":0,""healAmount"":4,""newEnemyHealth"":8,""newTeamHealth"":10}]",2026-03-06T09:11:10.74789506Z,"[{""turnNumber"":1,""actions"":[""ATTACK"",""ATTACK"",""ATTACK""],""roles"":[""FIGHTER"",""FIGHTER"",""MEDIC""],""enemyIntent"":""WILL_NOT_ATTACK"",""previousEnemyHealth"":8,""previousTeamHealth"":10,""damageToEnemy"":8,""damageToTeam"":0,""damageBlocked"":0,""healAmount"":0,""newEnemyHealth"":0,""newTeamHealth"":10}]",2026-03-06T09:11:27.520673572Z,,,,,4,2026-03-06T09:11:27.520673572Z,3,2026-03-06T09:11:27.520673572Z,true,2026-03-06T09:10:34.347737049Z,10,2026-03-06T09:11:10.74789506Z
01KK168211M3NJRPZVMH1E74TY,01KK14SP07FQHYH09Q2SY1KYNF,2026-03-06T09:04:21.537142254Z,true,2026-03-06T09:05:12.808990061Z,0,2026-03-06T09:05:07.093557437Z,"[""WILL_ATTACK"",""WILL_ATTACK"",""WILL_NOT_ATTACK"",""WILL_NOT_ATTACK"",""WILL_NOT_ATTACK"",""WILL_NOT_ATTACK"",""WILL_NOT_ATTACK"",""WILL_NOT_ATTACK"",""WILL_ATTACK"",""WILL_ATTACK""]",2026-03-06T09:04:21.731511139Z,01KK14SP2D05SY2J5VP6VS1BFA,2026-03-06T09:04:21.537142254Z,3,2026-03-06T09:04:21.537142254Z,Round 4,2026-03-06T09:04:21.537142254Z,WIN,2026-03-06T09:05:07.093557437Z,51178,2026-03-06T09:05:12.909499583Z,Victory! You defeated the enemy!,2026-03-06T09:05:07.093557437Z,1772787912904,2026-03-06T09:05:12.909499583Z,true,2026-03-06T09:04:21.731511139Z,4,2026-03-06T09:04:21.537142254Z,1772787861726,2026-03-06T09:04:21.731511139Z,"[{""turnNumber"":1,""actions"":[""ATTACK"",""ATTACK"",""BLOCK""],""roles"":[""MEDIC"",""FIGHTER"",""TANK""],""enemyIntent"":""WILL_ATTACK"",""previousEnemyHealth"":30,""previousTeamHealth"":15,""damageToEnemy"":4,""damageToTeam"":0,""damageBlocked"":2,""healAmount"":0,""newEnemyHealth"":26,""newTeamHealth"":15},{""turnNumber"":2,""actions"":[""ATTACK"",""ATTACK"",""BLOCK""],""roles"":[""MEDIC"",""FIGHTER"",""TANK""],""enemyIntent"":""WILL_ATTACK"",""previousEnemyHealth"":26,""previousTeamHealth"":15,""damageToEnemy"":4,""damageToTeam"":0,""damageBlocked"":2,""healAmount"":0,""newEnemyHealth"":22,""newTeamHealth"":15}]",2026-03-06T09:04:34.043028406Z,"[{""turnNumber"":1,""actions"":[""ATTACK"",""ATTACK"",""ATTACK""],""roles"":[""MEDIC"",""FIGHTER"",""TANK""],""enemyIntent"":""WILL_NOT_ATTACK"",""previousEnemyHealth"":22,""previousTeamHealth"":15,""damageToEnemy"":6,""damageToTeam"":0,""damageBlocked"":0,""healAmount"":0,""newEnemyHealth"":16,""newTeamHealth"":15},{""turnNumber"":2,""actions"":[""ATTACK"",""ATTACK"",""ATTACK""],""roles"":[""MEDIC"",""FIGHTER"",""TANK""],""enemyIntent"":""WILL_NOT_ATTACK"",""previousEnemyHealth"":16,""previousTeamHealth"":15,""damageToEnemy"":6,""damageToTeam"":0,""damageBlocked"":0,""healAmount"":0,""newEnemyHealth"":10,""newTeamHealth"":15}]",2026-03-06T09:04:52.245676746Z,"[{""turnNumber"":1,""actions"":[""ATTACK"",""ATTACK"",""ATTACK""],""roles"":[""MEDIC"",""FIGHTER"",""TANK""],""enemyIntent"":""WILL_NOT_ATTACK"",""previousEnemyHealth"":10,""previousTeamHealth"":15,""damageToEnemy"":6,""damageToTeam"":0,""damageBlocked"":0,""healAmount"":0,""newEnemyHealth"":4,""newTeamHealth"":15},{""turnNumber"":2,""actions"":[""ATTACK"",""ATTACK"",""ATTACK""],""roles"":[""MEDIC"",""FIGHTER"",""TANK""],""enemyIntent"":""WILL_NOT_ATTACK"",""previousEnemyHealth"":4,""previousTeamHealth"":15,""damageToEnemy"":6,""damageToTeam"":0,""damageBlocked"":0,""healAmount"":0,""newEnemyHealth"":0,""newTeamHealth"":15}]",2026-03-06T09:05:07.093557437Z,,,,,4,2026-03-06T09:05:07.093557437Z,3,2026-03-06T09:05:07.093557437Z,true,2026-03-06T09:04:21.680408131Z,15,2026-03-06T09:04:21.731511139Z
01KK16HDD9CZJ4MMV6EEDJVCXJ,01KK14SQV0P481Z3K7NG2WAD1J,2026-03-06T09:09:28.105365686Z,true,2026-03-06T09:10:34.232490494Z,0,2026-03-06T09:10:25.74312842Z,"[""WILL_ATTACK"",""WILL_ATTACK"",""WILL_NOT_ATTACK"",""WILL_NOT_ATTACK"",""WILL_NOT_ATTACK"",""WILL_NOT_ATTACK"",""WILL_NOT_ATTACK"",""WILL_NOT_ATTACK"",""WILL_ATTACK"",""WILL_ATTACK""]",2026-03-06T09:09:28.312228986Z,01KK14SQVR4MGX2VVSH2ZAT939,2026-03-06T09:09:28.105365686Z,2,2026-03-06T09:09:28.105365686Z,Round 3,2026-03-06T09:09:28.105365686Z,WIN,2026-03-06T09:10:25.74312842Z,66023,2026-03-06T09:10:34.332252909Z,Victory! You defeated the enemy!,2026-03-06T09:10:25.74312842Z,1772788234329,2026-03-06T09:10:34.332252909Z,true,2026-03-06T09:09:28.312228986Z,3,2026-03-06T09:09:28.105365686Z,1772788168306,2026-03-06T09:09:28.312228986Z,"[{""turnNumber"":1,""actions"":[""ATTACK"",""BLOCK"",""ATTACK""],""roles"":[""FIGHTER"",""TANK"",""FIGHTER""],""enemyIntent"":""WILL_ATTACK"",""previousEnemyHealth"":30,""previousTeamHealth"":15,""damageToEnemy"":4,""damageToTeam"":0,""damageBlocked"":2,""healAmount"":0,""newEnemyHealth"":26,""newTeamHealth"":15},{""turnNumber"":2,""actions"":[""ATTACK"",""BLOCK"",""ATTACK""],""roles"":[""FIGHTER"",""TANK"",""FIGHTER""],""enemyIntent"":""WILL_ATTACK"",""previousEnemyHealth"":26,""previousTeamHealth"":15,""damageToEnemy"":4,""damageToTeam"":0,""damageBlocked"":2,""healAmount"":0,""newEnemyHealth"":22,""newTeamHealth"":15}]",2026-03-06T09:09:48.461384166Z,"[{""turnNumber"":1,""actions"":[""ATTACK"",""ATTACK"",""ATTACK""],""roles"":[""FIGHTER"",""MEDIC"",""MEDIC""],""enemyIntent"":""WILL_NOT_ATTACK"",""previousEnemyHealth"":22,""previousTeamHealth"":15,""damageToEnemy"":6,""damageToTeam"":0,""damageBlocked"":0,""healAmount"":0,""newEnemyHealth"":16,""newTeamHealth"":15},{""turnNumber"":2,""actions"":[""ATTACK"",""ATTACK"",""ATTACK""],""roles"":[""FIGHTER"",""MEDIC"",""MEDIC""],""enemyIntent"":""WILL_NOT_ATTACK"",""previousEnemyHealth"":16,""previousTeamHealth"":15,""damageToEnemy"":6,""damageToTeam"":0,""damageBlocked"":0,""healAmount"":0,""newEnemyHealth"":10,""newTeamHealth"":15}]",2026-03-06T09:10:06.503553207Z,"[{""turnNumber"":1,""actions"":[""ATTACK"",""ATTACK"",""ATTACK""],""roles"":[""MEDIC"",""TANK"",""MEDIC""],""enemyIntent"":""WILL_NOT_ATTACK"",""previousEnemyHealth"":10,""previousTeamHealth"":15,""damageToEnemy"":6,""damageToTeam"":0,""damageBlocked"":0,""healAmount"":0,""newEnemyHealth"":4,""newTeamHealth"":15},{""turnNumber"":2,""actions"":[""ATTACK"",""ATTACK"",""ATTACK""],""roles"":[""MEDIC"",""TANK"",""MEDIC""],""enemyIntent"":""WILL_NOT_ATTACK"",""previousEnemyHealth"":4,""previousTeamHealth"":15,""damageToEnemy"":6,""damageToTeam"":0,""damageBlocked"":0,""healAmount"":0,""newEnemyHealth"":0,""newTeamHealth"":15}]",2026-03-06T09:10:25.74312842Z,,,,,4,2026-03-06T09:10:25.74312842Z,3,2026-03-06T09:10:25.74312842Z,true,2026-03-06T09:09:28.261980431Z,15,2026-03-06T09:09:28.312228986Z
01KK1877X9ZPD0N84EWZAHB1YZ,01KK14SSXNQ645HH7AJXYEQV6N,2026-03-06T09:38:51.945549913Z,true,2026-03-06T09:39:26.828463374Z,0,2026-03-06T09:39:22.413969151Z,"[""WILL_ATTACK"",""WILL_ATTACK"",""WILL_NOT_ATTACK"",""WILL_NOT_ATTACK"",""WILL_ATTACK"",""WILL_ATTACK"",""WILL_NOT_ATTACK"",""WILL_NOT_ATTACK"",""WILL_ATTACK"",""WILL_ATTACK""]",2026-03-06T09:38:52.259156961Z,01KK14SSY8E64SK69715NN1TMW,2026-03-06T09:38:51.945549913Z,4,2026-03-06T09:38:51.945549913Z,Round 5,2026-03-06T09:38:51.945549913Z,LOSE,2026-03-06T09:39:22.413969151Z,34728,2026-03-06T09:39:26.981143967Z,Defeat! Your team was defeated.,2026-03-06T09:39:22.413969151Z,1772789966978,2026-03-06T09:39:26.981143967Z,true,2026-03-06T09:38:52.259156961Z,5,2026-03-06T09:38:51.945549913Z,1772789932250,2026-03-06T09:38:52.259156961Z,"[{""turnNumber"":1,""actions"":[""ATTACK"",""ATTACK"",""ATTACK""],""roles"":[""FIGHTER"",""FIGHTER"",""FIGHTER""],""enemyIntent"":""WILL_ATTACK"",""previousEnemyHealth"":30,""previousTeamHealth"":15,""damageToEnemy"":6,""damageToTeam"":5,""damageBlocked"":0,""healAmount"":0,""newEnemyHealth"":24,""newTeamHealth"":10},{""turnNumber"":2,""actions"":[""ATTACK"",""ATTACK"",""ATTACK""],""roles"":[""FIGHTER"",""FIGHTER"",""FIGHTER""],""enemyIntent"":""WILL_ATTACK"",""previousEnemyHealth"":24,""previousTeamHealth"":10,""damageToEnemy"":6,""damageToTeam"":5,""damageBlocked"":0,""healAmount"":0,""newEnemyHealth"":18,""newTeamHealth"":5}]",2026-03-06T09:38:56.202446401Z,"[{""turnNumber"":1,""actions"":[""ATTACK"",""ATTACK"",""ATTACK""],""roles"":[""FIGHTER"",""FIGHTER"",""FIGHTER""],""enemyIntent"":""WILL_NOT_ATTACK"",""previousEnemyHealth"":18,""previousTeamHealth"":5,""damageToEnemy"":6,""damageToTeam"":0,""damageBlocked"":0,""healAmount"":0,""newEnemyHealth"":12,""newTeamHealth"":5},{""turnNumber"":2,""actions"":[""ATTACK"",""ATTACK"",""ATTACK""],""roles"":[""FIGHTER"",""FIGHTER"",""FIGHTER""],""enemyIntent"":""WILL_NOT_ATTACK"",""previousEnemyHealth"":12,""previousTeamHealth"":5,""damageToEnemy"":6,""damageToTeam"":0,""damageBlocked"":0,""healAmount"":0,""newEnemyHealth"":6,""newTeamHealth"":5}]",2026-03-06T09:39:11.434040015Z,"[{""turnNumber"":1,""actions"":[""ATTACK"",""ATTACK"",""ATTACK""],""roles"":[""FIGHTER"",""FIGHTER"",""FIGHTER""],""enemyIntent"":""WILL_ATTACK"",""previousEnemyHealth"":6,""previousTeamHealth"":5,""damageToEnemy"":6,""damageToTeam"":5,""damageBlocked"":0,""healAmount"":0,""newEnemyHealth"":0,""newTeamHealth"":0}]",2026-03-06T09:39:22.413969151Z,,,,,4,2026-03-06T09:39:22.413969151Z,3,2026-03-06T09:39:22.413969151Z,true,2026-03-06T09:38:52.172264638Z,0,2026-03-06T09:39:22.413969151Z
01KK169M1NNDT7N9NMC20V24K4,01KK14SP07FQHYH09Q2SY1KYNF,2026-03-06T09:05:12.757217845Z,true,2026-03-06T09:06:42.383070831Z,0,2026-03-06T09:06:34.979856625Z,"[""WILL_ATTACK"",""WILL_ATTACK"",""WILL_NOT_ATTACK"",""WILL_NOT_ATTACK"",""WILL_ATTACK"",""WILL_ATTACK"",""WILL_NOT_ATTACK"",""WILL_NOT_ATTACK"",""WILL_ATTACK"",""WILL_ATTACK""]",2026-03-06T09:05:12.981826685Z,01KK14SP2D05SY2J5VP6VS1BFA,2026-03-06T09:05:12.757217845Z,4,2026-03-06T09:05:12.757217845Z,Round 5,2026-03-06T09:05:12.757217845Z,WIN,2026-03-06T09:06:34.979856625Z,89503,2026-03-06T09:06:42.486765736Z,Victory! You defeated the enemy!,2026-03-06T09:06:34.979856625Z,1772788002480,2026-03-06T09:06:42.486765736Z,true,2026-03-06T09:05:12.981826685Z,5,2026-03-06T09:05:12.757217845Z,1772787912977,2026-03-06T09:05:12.981826685Z,"[{""turnNumber"":1,""actions"":[""ATTACK"",""BLOCK"",""BLOCK""],""roles"":[""MEDIC"",""TANK"",""TANK""],""enemyIntent"":""WILL_ATTACK"",""previousEnemyHealth"":30,""previousTeamHealth"":15,""damageToEnemy"":4,""damageToTeam"":1,""damageBlocked"":4,""healAmount"":0,""newEnemyHealth"":26,""newTeamHealth"":14},{""turnNumber"":2,""actions"":[""HEAL"",""BLOCK"",""BLOCK""],""roles"":[""MEDIC"",""TANK"",""TANK""],""enemyIntent"":""WILL_ATTACK"",""previousEnemyHealth"":26,""previousTeamHealth"":14,""damageToEnemy"":0,""damageToTeam"":1,""damageBlocked"":4,""healAmount"":1,""newEnemyHealth"":26,""newTeamHealth"":14}]",2026-03-06T09:05:22.811166394Z,"[{""turnNumber"":1,""actions"":[""HEAL"",""ATTACK"",""ATTACK""],""roles"":[""MEDIC"",""TANK"",""TANK""],""enemyIntent"":""WILL_NOT_ATTACK"",""previousEnemyHealth"":26,""previousTeamHealth"":14,""damageToEnemy"":2,""damageToTeam"":0,""damageBlocked"":0,""healAmount"":1,""newEnemyHealth"":24,""newTeamHealth"":15},{""turnNumber"":2,""actions"":[""ATTACK"",""ATTACK"",""ATTACK""],""roles"":[""MEDIC"",""TANK"",""TANK""],""enemyIntent"":""WILL_NOT_ATTACK"",""previousEnemyHealth"":24,""previousTeamHealth"":15,""damageToEnemy"":6,""damageToTeam"":0,""damageBlocked"":0,""healAmount"":0,""newEnemyHealth"":18,""newTeamHealth"":15}]",2026-03-06T09:05:41.901162773Z,"[{""turnNumber"":1,""actions"":[""ATTACK"",""BLOCK"",""BLOCK""],""roles"":[""MEDIC"",""TANK"",""TANK""],""enemyIntent"":""WILL_ATTACK"",""previousEnemyHealth"":18,""previousTeamHealth"":15,""damageToEnemy"":4,""damageToTeam"":1,""damageBlocked"":4,""healAmount"":0,""newEnemyHealth"":14,""newTeamHealth"":14},{""turnNumber"":2,""actions"":[""HEAL"",""BLOCK"",""BLOCK""],""roles"":[""MEDIC"",""TANK"",""TANK""],""enemyIntent"":""WILL_ATTACK"",""previousEnemyHealth"":14,""previousTeamHealth"":14,""damageToEnemy"":0,""damageToTeam"":1,""damageBlocked"":4,""healAmount"":1,""newEnemyHealth"":14,""newTeamHealth"":14}]",2026-03-06T09:06:02.388532068Z,"[{""turnNumber"":1,""actions"":[""ATTACK"",""ATTACK"",""ATTACK""],""roles"":[""FIGHTER"",""TANK"",""TANK""],""enemyIntent"":""WILL_NOT_ATTACK"",""previousEnemyHealth"":14,""previousTeamHealth"":14,""damageToEnemy"":6,""damageToTeam"":0,""damageBlocked"":0,""healAmount"":0,""newEnemyHealth"":8,""newTeamHealth"":14},{""turnNumber"":2,""actions"":[""ATTACK"",""ATTACK"",""ATTACK""],""roles"":[""FIGHTER"",""TANK"",""TANK""],""enemyIntent"":""WILL_NOT_ATTACK"",""previousEnemyHealth"":8,""previousTeamHealth"":14,""damageToEnemy"":6,""damageToTeam"":0,""damageBlocked"":0,""healAmount"":0,""newEnemyHealth"":2,""newTeamHealth"":14}]",2026-03-06T09:06:17.195648077Z,"[{""turnNumber"":1,""actions"":[""ATTACK"",""ATTACK"",""BLOCK""],""roles"":[""FIGHTER"",""FIGHTER"",""TANK""],""enemyIntent"":""WILL_ATTACK"",""previousEnemyHealth"":2,""previousTeamHealth"":14,""damageToEnemy"":5,""damageToTeam"":4,""damageBlocked"":1,""healAmount"":0,""newEnemyHealth"":0,""newTeamHealth"":10}]",2026-03-06T09:06:34.979856625Z,6,2026-03-06T09:06:34.979856625Z,5,2026-03-06T09:06:34.979856625Z,true,2026-03-06T09:05:12.928486962Z,10,2026-03-06T09:06:34.979856625Z
01KK17F8G1NYHA1KG0AH51R81S,01KK14SRVPK023675GC61HZ1SF,2026-03-06T09:25:46.113971338Z,true,2026-03-06T09:27:44.768783165Z,0,2026-03-06T09:27:19.580494721Z,"[""WILL_ATTACK"",""WILL_ATTACK"",""WILL_NOT_ATTACK"",""WILL_NOT_ATTACK"",""WILL_ATTACK"",""WILL_ATTACK"",""WILL_NOT_ATTACK"",""WILL_NOT_ATTACK"",""WILL_ATTACK"",""WILL_ATTACK""]",2026-03-06T09:25:46.392074514Z,01KK14SRWHSKEAMQEN2G8SHW8V,2026-03-06T09:25:46.113971338Z,5,2026-03-06T09:25:46.113971338Z,Round 6,2026-03-06T09:25:46.113971338Z,WIN,2026-03-06T09:27:19.580494721Z,118489,2026-03-06T09:27:44.879262312Z,Victory! You defeated the enemy!,2026-03-06T09:27:19.580494721Z,1772789264875,2026-03-06T09:27:44.879262312Z,true,2026-03-06T09:25:46.392074514Z,6,2026-03-06T09:25:46.113971338Z,1772789146386,2026-03-06T09:25:46.392074514Z,"[{""turnNumber"":1,""actions"":[""ATTACK"",""ATTACK"",""ATTACK""],""roles"":[""FIGHTER"",""FIGHTER"",""FIGHTER""],""enemyIntent"":""WILL_ATTACK"",""previousEnemyHealth"":30,""previousTeamHealth"":15,""damageToEnemy"":6,""damageToTeam"":5,""damageBlocked"":0,""healAmount"":0,""newEnemyHealth"":24,""newTeamHealth"":10},{""turnNumber"":2,""actions"":[""ATTACK"",""ATTACK"",""ATTACK""],""roles"":[""FIGHTER"",""FIGHTER"",""FIGHTER""],""enemyIntent"":""WILL_ATTACK"",""previousEnemyHealth"":24,""previousTeamHealth"":10,""damageToEnemy"":6,""damageToTeam"":5,""damageBlocked"":0,""healAmount"":0,""newEnemyHealth"":18,""newTeamHealth"":5}]",2026-03-06T09:25:57.896173994Z,"[{""turnNumber"":1,""actions"":[""HEAL"",""HEAL"",""HEAL""],""roles"":[""MEDIC"",""MEDIC"",""MEDIC""],""enemyIntent"":""WILL_NOT_ATTACK"",""previousEnemyHealth"":18,""previousTeamHealth"":5,""damageToEnemy"":0,""damageToTeam"":0,""damageBlocked"":0,""healAmount"":6,""newEnemyHealth"":18,""newTeamHealth"":11},{""turnNumber"":2,""actions"":[""HEAL"",""HEAL"",""HEAL""],""roles"":[""MEDIC"",""MEDIC"",""MEDIC""],""enemyIntent"":""WILL_NOT_ATTACK"",""previousEnemyHealth"":18,""previousTeamHealth"":11,""damageToEnemy"":0,""damageToTeam"":0,""damageBlocked"":0,""healAmount"":6,""newEnemyHealth"":18,""newTeamHealth"":15}]",2026-03-06T09:26:21.558092915Z,"[{""turnNumber"":1,""actions"":[""ATTACK"",""BLOCK"",""ATTACK""],""roles"":[""FIGHTER"",""TANK"",""FIGHTER""],""enemyIntent"":""WILL_ATTACK"",""previousEnemyHealth"":18,""previousTeamHealth"":15,""damageToEnemy"":5,""damageToTeam"":1,""damageBlocked"":4,""healAmount"":0,""newEnemyHealth"":13,""newTeamHealth"":14},{""turnNumber"":2,""actions"":[""ATTACK"",""BLOCK"",""ATTACK""],""roles"":[""FIGHTER"",""TANK"",""FIGHTER""],""enemyIntent"":""WILL_ATTACK"",""previousEnemyHealth"":13,""previousTeamHealth"":14,""damageToEnemy"":5,""damageToTeam"":1,""damageBlocked"":4,""healAmount"":0,""newEnemyHealth"":8,""newTeamHealth"":13}]",2026-03-06T09:26:40.069258402Z,"[{""turnNumber"":1,""actions"":[""ATTACK"",""ATTACK"",""ATTACK""],""roles"":[""FIGHTER"",""FIGHTER"",""FIGHTER""],""enemyIntent"":""WILL_NOT_ATTACK"",""previousEnemyHealth"":8,""previousTeamHealth"":13,""damageToEnemy"":6,""damageToTeam"":0,""damageBlocked"":0,""healAmount"":0,""newEnemyHealth"":2,""newTeamHealth"":13},{""turnNumber"":2,""actions"":[""ATTACK"",""ATTACK"",""ATTACK""],""roles"":[""FIGHTER"",""FIGHTER"",""FIGHTER""],""enemyIntent"":""WILL_NOT_ATTACK"",""previousEnemyHealth"":2,""previousTeamHealth"":13,""damageToEnemy"":6,""damageToTeam"":0,""damageBlocked"":0,""healAmount"":0,""newEnemyHealth"":0,""newTeamHealth"":13}]",2026-03-06T09:27:19.580494721Z,,,5,2026-03-06T09:27:19.580494721Z,4,2026-03-06T09:27:19.580494721Z,true,2026-03-06T09:25:46.306351368Z,13,2026-03-06T09:26:40.069258402Z
01KK1863181MX44SCZPENR8122,01KK14SSXNQ645HH7AJXYEQV6N,2026-03-06T09:38:14.184885621Z,true,2026-03-06T09:38:52.012879877Z,0,2026-03-06T09:38:44.637616662Z,"[""WILL_ATTACK"",""WILL_ATTACK"",""WILL_NOT_ATTACK"",""WILL_NOT_ATTACK"",""WILL_ATTACK"",""WILL_ATTACK"",""WILL_NOT_ATTACK"",""WILL_NOT_ATTACK"",""WILL_ATTACK"",""WILL_ATTACK""]",2026-03-06T09:38:14.417334849Z,01KK14SSY8E64SK69715NN1TMW,2026-03-06T09:38:14.184885621Z,3,2026-03-06T09:38:14.184885621Z,Round 4,2026-03-06T09:38:14.184885621Z,WIN,2026-03-06T09:38:44.637616662Z,37735,2026-03-06T09:38:52.155039688Z,Victory! You defeated the enemy!,2026-03-06T09:38:44.637616662Z,1772789932147,2026-03-06T09:38:52.155039688Z,true,2026-03-06T09:38:14.417334849Z,4,2026-03-06T09:38:14.184885621Z,1772789894412,2026-03-06T09:38:14.417334849Z,"[{""turnNumber"":1,""actions"":[""ATTACK"",""ATTACK"",""ATTACK""],""roles"":[""MEDIC"",""FIGHTER"",""FIGHTER""],""enemyIntent"":""WILL_ATTACK"",""previousEnemyHealth"":25,""previousTeamHealth"":15,""damageToEnemy"":5,""damageToTeam"":5,""damageBlocked"":0,""healAmount"":0,""newEnemyHealth"":20,""newTeamHealth"":10},{""turnNumber"":2,""actions"":[""HEAL"",""ATTACK"",""ATTACK""],""roles"":[""MEDIC"",""FIGHTER"",""FIGHTER""],""enemyIntent"":""WILL_ATTACK"",""previousEnemyHealth"":20,""previousTeamHealth"":10,""damageToEnemy"":4,""damageToTeam"":5,""damageBlocked"":0,""healAmount"":4,""newEnemyHealth"":16,""newTeamHealth"":9}]",2026-03-06T09:38:18.424977847Z,"[{""turnNumber"":1,""actions"":[""HEAL"",""ATTACK"",""ATTACK""],""roles"":[""MEDIC"",""FIGHTER"",""FIGHTER""],""enemyIntent"":""WILL_NOT_ATTACK"",""previousEnemyHealth"":16,""previousTeamHealth"":9,""damageToEnemy"":4,""damageToTeam"":0,""damageBlocked"":0,""healAmount"":4,""newEnemyHealth"":12,""newTeamHealth"":13},{""turnNumber"":2,""actions"":[""HEAL"",""ATTACK"",""ATTACK""],""roles"":[""MEDIC"",""FIGHTER"",""FIGHTER""],""enemyIntent"":""WILL_NOT_ATTACK"",""previousEnemyHealth"":12,""previousTeamHealth"":13,""damageToEnemy"":4,""damageToTeam"":0,""damageBlocked"":0,""healAmount"":4,""newEnemyHealth"":8,""newTeamHealth"":15}]",2026-03-06T09:38:32.762785074Z,"[{""turnNumber"":1,""actions"":[""ATTACK"",""ATTACK"",""ATTACK""],""roles"":[""MEDIC"",""FIGHTER"",""FIGHTER""],""enemyIntent"":""WILL_ATTACK"",""previousEnemyHealth"":8,""previousTeamHealth"":15,""damageToEnemy"":5,""damageToTeam"":5,""damageBlocked"":0,""healAmount"":0,""newEnemyHealth"":3,""newTeamHealth"":10},{""turnNumber"":2,""actions"":[""HEAL"",""ATTACK"",""ATTACK""],""roles"":[""MEDIC"",""FIGHTER"",""FIGHTER""],""enemyIntent"":""WILL_ATTACK"",""previousEnemyHealth"":3,""previousTeamHealth"":10,""damageToEnemy"":4,""damageToTeam"":5,""damageBlocked"":0,""healAmount"":4,""newEnemyHealth"":0,""newTeamHealth"":9}]",2026-03-06T09:38:44.637616662Z,,,,,4,2026-03-06T09:38:44.637616662Z,3,2026-03-06T09:38:44.637616662Z,true,2026-03-06T09:38:14.362893316Z,9,2026-03-06T09:38:44.637616662Z
01KK15RZ4SCDPZ7R03MA43R9HZ,01KK14SP07FQHYH09Q2SY1KYNF,2026-03-06T08:56:07.065067051Z,true,2026-03-06T08:59:35.225607927Z,0,2026-03-06T08:59:19.279184601Z,"[""WILL_ATTACK"",""WILL_NOT_ATTACK"",""WILL_NOT_ATTACK"",""WILL_NOT_ATTACK"",""WILL_NOT_ATTACK"",""WILL_ATTACK"",""WILL_NOT_ATTACK"",""WILL_NOT_ATTACK"",""WILL_NOT_ATTACK"",""WILL_NOT_ATTACK""]",2026-03-06T08:56:07.244733145Z,01KK14SP2D05SY2J5VP6VS1BFA,2026-03-06T08:56:07.065067051Z,0,2026-03-06T08:56:07.065067051Z,Round 1,2026-03-06T08:56:07.065067051Z,WIN,2026-03-06T08:59:19.279184601Z,208091,2026-03-06T08:59:35.336920169Z,Victory! You defeated the enemy!,2026-03-06T08:59:19.279184601Z,1772787575330,2026-03-06T08:59:35.336920169Z,true,2026-03-06T08:56:07.244733145Z,1,2026-03-06T08:56:07.065067051Z,1772787367239,2026-03-06T08:56:07.244733145Z,"[{""turnNumber"":1,""actions"":[""ATTACK"",""BLOCK"",""BLOCK""],""roles"":[""FIGHTER"",""TANK"",""TANK""],""enemyIntent"":""WILL_ATTACK"",""previousEnemyHealth"":30,""previousTeamHealth"":10,""damageToEnemy"":4,""damageToTeam"":7,""damageBlocked"":2,""healAmount"":0,""newEnemyHealth"":26,""newTeamHealth"":3},{""turnNumber"":2,""actions"":[""ATTACK"",""ATTACK"",""ATTACK""],""roles"":[""FIGHTER"",""TANK"",""TANK""],""enemyIntent"":""WILL_NOT_ATTACK"",""previousEnemyHealth"":26,""previousTeamHealth"":3,""damageToEnemy"":8,""damageToTeam"":0,""damageBlocked"":0,""healAmount"":0,""newEnemyHealth"":18,""newTeamHealth"":3}]",2026-03-06T08:56:28.262321602Z,"[{""turnNumber"":1,""actions"":[""HEAL"",""HEAL"",""ATTACK""],""roles"":[""MEDIC"",""MEDIC"",""TANK""],""enemyIntent"":""WILL_NOT_ATTACK"",""previousEnemyHealth"":18,""previousTeamHealth"":3,""damageToEnemy"":2,""damageToTeam"":0,""damageBlocked"":0,""healAmount"":3,""newEnemyHealth"":16,""newTeamHealth"":6},{""turnNumber"":2,""actions"":[""HEAL"",""HEAL"",""ATTACK""],""roles"":[""MEDIC"",""MEDIC"",""TANK""],""enemyIntent"":""WILL_NOT_ATTACK"",""previousEnemyHealth"":16,""previousTeamHealth"":6,""damageToEnemy"":2,""damageToTeam"":0,""damageBlocked"":0,""healAmount"":3,""newEnemyHealth"":14,""newTeamHealth"":9}]",2026-03-06T08:58:37.006253268Z,"[{""turnNumber"":1,""actions"":[""ATTACK"",""ATTACK"",""ATTACK""],""roles"":[""FIGHTER"",""TANK"",""FIGHTER""],""enemyIntent"":""WILL_NOT_ATTACK"",""previousEnemyHealth"":14,""previousTeamHealth"":9,""damageToEnemy"":8,""damageToTeam"":0,""damageBlocked"":0,""healAmount"":0,""newEnemyHealth"":6,""newTeamHealth"":9},{""turnNumber"":2,""actions"":[""ATTACK"",""BLOCK"",""ATTACK""],""roles"":[""FIGHTER"",""TANK"",""FIGHTER""],""enemyIntent"":""WILL_ATTACK"",""previousEnemyHealth"":6,""previousTeamHealth"":9,""damageToEnemy"":6,""damageToTeam"":7,""damageBlocked"":2,""healAmount"":0,""newEnemyHealth"":0,""newTeamHealth"":2}]",2026-03-06T08:59:19.279184601Z,,,,,4,2026-03-06T08:59:19.279184601Z,3,2026-03-06T08:59:19.279184601Z,true,2026-03-06T08:56:07.137962645Z,2,2026-03-06T08:59:19.279184601Z
01KK182V8M0SGQXCRZPG40XPXB,01KK14SSXNQ645HH7AJXYEQV6N,2026-03-06T09:36:27.924753921Z,true,2026-03-06T09:37:30.580245076Z,0,2026-03-06T09:37:24.593777366Z,"[""WILL_ATTACK"",""WILL_NOT_ATTACK"",""WILL_NOT_ATTACK"",""WILL_NOT_ATTACK"",""WILL_NOT_ATTACK"",""WILL_ATTACK"",""WILL_NOT_ATTACK"",""WILL_NOT_ATTACK"",""WILL_NOT_ATTACK"",""WILL_NOT_ATTACK""]",2026-03-06T09:36:28.170261224Z,01KK14SSY8E64SK69715NN1TMW,2026-03-06T09:36:27.924753921Z,1,2026-03-06T09:36:27.924753921Z,Round 2,2026-03-06T09:36:27.924753921Z,WIN,2026-03-06T09:37:24.593777366Z,62538,2026-03-06T09:37:30.708042233Z,Victory! You defeated the enemy!,2026-03-06T09:37:24.593777366Z,1772789850703,2026-03-06T09:37:30.708042233Z,true,2026-03-06T09:36:28.170261224Z,2,2026-03-06T09:36:27.924753921Z,1772789788165,2026-03-06T09:36:28.170261224Z,"[{""turnNumber"":1,""actions"":[""ATTACK"",""ATTACK"",""ATTACK""],""roles"":[""FIGHTER"",""MEDIC"",""MEDIC""],""enemyIntent"":""WILL_ATTACK"",""previousEnemyHealth"":30,""previousTeamHealth"":10,""damageToEnemy"":8,""damageToTeam"":9,""damageBlocked"":0,""healAmount"":0,""newEnemyHealth"":22,""newTeamHealth"":1},{""turnNumber"":2,""actions"":[""ATTACK"",""HEAL"",""HEAL""],""roles"":[""FIGHTER"",""MEDIC"",""MEDIC""],""enemyIntent"":""WILL_NOT_ATTACK"",""previousEnemyHealth"":22,""previousTeamHealth"":1,""damageToEnemy"":4,""damageToTeam"":0,""damageBlocked"":0,""healAmount"":4,""newEnemyHealth"":18,""newTeamHealth"":5}]",2026-03-06T09:36:37.900614003Z,"[{""turnNumber"":1,""actions"":[""ATTACK"",""HEAL"",""HEAL""],""roles"":[""FIGHTER"",""MEDIC"",""MEDIC""],""enemyIntent"":""WILL_NOT_ATTACK"",""previousEnemyHealth"":18,""previousTeamHealth"":5,""damageToEnemy"":4,""damageToTeam"":0,""damageBlocked"":0,""healAmount"":4,""newEnemyHealth"":14,""newTeamHealth"":9},{""turnNumber"":2,""actions"":[""ATTACK"",""HEAL"",""HEAL""],""roles"":[""FIGHTER"",""MEDIC"",""MEDIC""],""enemyIntent"":""WILL_NOT_ATTACK"",""previousEnemyHealth"":14,""previousTeamHealth"":9,""damageToEnemy"":4,""damageToTeam"":0,""damageBlocked"":0,""healAmount"":4,""newEnemyHealth"":10,""newTeamHealth"":10}]",2026-03-06T09:36:51.04620331Z,"[{""turnNumber"":1,""actions"":[""ATTACK"",""ATTACK"",""ATTACK""],""roles"":[""FIGHTER"",""MEDIC"",""MEDIC""],""enemyIntent"":""WILL_NOT_ATTACK"",""previousEnemyHealth"":10,""previousTeamHealth"":10,""damageToEnemy"":8,""damageToTeam"":0,""damageBlocked"":0,""healAmount"":0,""newEnemyHealth"":2,""newTeamHealth"":10},{""turnNumber"":2,""actions"":[""ATTACK"",""ATTACK"",""ATTACK""],""roles"":[""FIGHTER"",""MEDIC"",""MEDIC""],""enemyIntent"":""WILL_ATTACK"",""previousEnemyHealth"":2,""previousTeamHealth"":10,""damageToEnemy"":8,""damageToTeam"":9,""damageBlocked"":0,""healAmount"":0,""newEnemyHealth"":0,""newTeamHealth"":1}]",2026-03-06T09:37:24.593777366Z,,,,,4,2026-03-06T09:37:24.593777366Z,3,2026-03-06T09:37:24.593777366Z,true,2026-03-06T09:36:28.109050373Z,1,2026-03-06T09:37:24.593777366Z
01KK1640VW63B5R36VJSNE32VW,01KK14SP07FQHYH09Q2SY1KYNF,2026-03-06T09:02:09.27695497Z,true,2026-03-06T09:04:21.589592651Z,3,2026-03-06T09:04:14.136097644Z,"[""WILL_ATTACK"",""WILL_ATTACK"",""WILL_ATTACK"",""WILL_NOT_ATTACK"",""WILL_ATTACK"",""WILL_ATTACK"",""WILL_NOT_ATTACK"",""WILL_ATTACK"",""WILL_ATTACK"",""WILL_ATTACK""]",2026-03-06T09:02:09.491207132Z,01KK14SP2D05SY2J5VP6VS1BFA,2026-03-06T09:02:09.27695497Z,2,2026-03-06T09:02:09.27695497Z,Round 3,2026-03-06T09:02:09.27695497Z,TIMEOUT,2026-03-06T09:04:14.136097644Z,132174,2026-03-06T09:04:21.664379342Z,Time's up! You couldn't defeat the enemy in time.,2026-03-06T09:04:14.136097644Z,1772787861660,2026-03-06T09:04:21.664379342Z,true,2026-03-06T09:02:09.491207132Z,3,2026-03-06T09:02:09.27695497Z,1772787729486,2026-03-06T09:02:09.491207132Z,"[{""turnNumber"":1,""actions"":[""BLOCK"",""BLOCK"",""ATTACK""],""roles"":[""TANK"",""TANK"",""FIGHTER""],""enemyIntent"":""WILL_ATTACK"",""previousEnemyHealth"":30,""previousTeamHealth"":15,""damageToEnemy"":1,""damageToTeam"":3,""damageBlocked"":4,""healAmount"":0,""newEnemyHealth"":29,""newTeamHealth"":12},{""turnNumber"":2,""actions"":[""BLOCK"",""BLOCK"",""ATTACK""],""roles"":[""TANK"",""TANK"",""FIGHTER""],""enemyIntent"":""WILL_ATTACK"",""previousEnemyHealth"":29,""previousTeamHealth"":12,""damageToEnemy"":1,""damageToTeam"":3,""damageBlocked"":4,""healAmount"":0,""newEnemyHealth"":28,""newTeamHealth"":9}]",2026-03-06T09:02:16.939498039Z,"[{""turnNumber"":1,""actions"":[""ATTACK"",""HEAL"",""BLOCK""],""roles"":[""FIGHTER"",""MEDIC"",""TANK""],""enemyIntent"":""WILL_ATTACK"",""previousEnemyHealth"":28,""previousTeamHealth"":9,""damageToEnemy"":4,""damageToTeam"":6,""damageBlocked"":1,""healAmount"":1,""newEnemyHealth"":24,""newTeamHealth"":4},{""turnNumber"":2,""actions"":[""ATTACK"",""HEAL"",""ATTACK""],""roles"":[""FIGHTER"",""MEDIC"",""TANK""],""enemyIntent"":""WILL_NOT_ATTACK"",""previousEnemyHealth"":24,""previousTeamHealth"":4,""damageToEnemy"":5,""damageToTeam"":0,""damageBlocked"":0,""healAmount"":1,""newEnemyHealth"":19,""newTeamHealth"":5}]",2026-03-06T09:02:40.79949209Z,"[{""turnNumber"":1,""actions"":[""HEAL"",""HEAL"",""HEAL""],""roles"":[""MEDIC"",""MEDIC"",""MEDIC""],""enemyIntent"":""WILL_ATTACK"",""previousEnemyHealth"":19,""previousTeamHealth"":5,""damageToEnemy"":0,""damageToTeam"":7,""damageBlocked"":0,""healAmount"":6,""newEnemyHealth"":19,""newTeamHealth"":4},{""turnNumber"":2,""actions"":[""HEAL"",""HEAL"",""HEAL""],""roles"":[""MEDIC"",""MEDIC"",""MEDIC""],""enemyIntent"":""WILL_ATTACK"",""previousEnemyHealth"":19,""previousTeamHealth"":4,""damageToEnemy"":0,""damageToTeam"":7,""damageBlocked"":0,""healAmount"":6,""newEnemyHealth"":19,""newTeamHealth"":3}]",2026-03-06T09:03:12.797876611Z,"[{""turnNumber"":1,""actions"":[""ATTACK"",""HEAL"",""HEAL""],""roles"":[""FIGHTER"",""MEDIC"",""MEDIC""],""enemyIntent"":""WILL_NOT_ATTACK"",""previousEnemyHealth"":19,""previousTeamHealth"":3,""damageToEnemy"":4,""damageToTeam"":0,""damageBlocked"":0,""healAmount"":5,""newEnemyHealth"":15,""newTeamHealth"":8},{""turnNumber"":2,""actions"":[""ATTACK"",""HEAL"",""HEAL""],""roles"":[""FIGHTER"",""MEDIC"",""MEDIC""],""enemyIntent"":""WILL_ATTACK"",""previousEnemyHealth"":15,""previousTeamHealth"":8,""damageToEnemy"":4,""damageToTeam"":7,""damageBlocked"":0,""healAmount"":5,""newEnemyHealth"":11,""newTeamHealth"":6}]",2026-03-06T09:03:49.120091376Z,"[{""turnNumber"":1,""actions"":[""ATTACK"",""HEAL"",""HEAL""],""roles"":[""FIGHTER"",""MEDIC"",""MEDIC""],""enemyIntent"":""WILL_ATTACK"",""previousEnemyHealth"":11,""previousTeamHealth"":6,""damageToEnemy"":4,""damageToTeam"":7,""damageBlocked"":0,""healAmount"":5,""newEnemyHealth"":7,""newTeamHealth"":4},{""turnNumber"":2,""actions"":[""ATTACK"",""HEAL"",""HEAL""],""roles"":[""FIGHTER"",""MEDIC"",""MEDIC""],""enemyIntent"":""WILL_ATTACK"",""previousEnemyHealth"":7,""previousTeamHealth"":4,""damageToEnemy"":4,""damageToTeam"":7,""damageBlocked"":0,""healAmount"":5,""newEnemyHealth"":3,""newTeamHealth"":2}]",2026-03-06T09:04:14.136097644Z,6,2026-03-06T09:04:14.136097644Z,5,2026-03-06T09:04:14.136097644Z,true,2026-03-06T09:02:09.418816237Z,2,2026-03-06T09:04:14.136097644Z
01KK17PT3QW6EARXJZD6Y1ENYT,01KK14SRVPK023675GC61HZ1SF,2026-03-06T09:29:53.527468987Z,true,2026-03-06T09:32:21.936006517Z,0,2026-03-06T09:31:52.176809763Z,"[""WILL_ATTACK"",""WILL_ATTACK"",""WILL_ATTACK"",""WILL_NOT_ATTACK"",""WILL_ATTACK"",""WILL_ATTACK"",""WILL_NOT_ATTACK"",""WILL_ATTACK"",""WILL_ATTACK"",""WILL_ATTACK""]",2026-03-06T09:29:53.754000521Z,01KK14SRWHSKEAMQEN2G8SHW8V,2026-03-06T09:29:53.527468987Z,7,2026-03-06T09:29:53.527468987Z,Round 8,2026-03-06T09:29:53.527468987Z,WIN,2026-03-06T09:31:52.176809763Z,148195,2026-03-06T09:32:21.948992298Z,Victory! You defeated the enemy!,2026-03-06T09:31:52.176809763Z,1772789541945,2026-03-06T09:32:21.948992298Z,true,2026-03-06T09:29:53.754000521Z,8,2026-03-06T09:29:53.527468987Z,1772789393750,2026-03-06T09:29:53.754000521Z,"[{""turnNumber"":1,""actions"":[""ATTACK"",""BLOCK"",""ATTACK""],""roles"":[""MEDIC"",""TANK"",""FIGHTER""],""enemyIntent"":""WILL_ATTACK"",""previousEnemyHealth"":30,""previousTeamHealth"":15,""damageToEnemy"":5,""damageToTeam"":3,""damageBlocked"":4,""healAmount"":0,""newEnemyHealth"":25,""newTeamHealth"":12},{""turnNumber"":2,""actions"":[""HEAL"",""BLOCK"",""ATTACK""],""roles"":[""MEDIC"",""TANK"",""FIGHTER""],""enemyIntent"":""WILL_ATTACK"",""previousEnemyHealth"":25,""previousTeamHealth"":12,""damageToEnemy"":1,""damageToTeam"":3,""damageBlocked"":4,""healAmount"":1,""newEnemyHealth"":24,""newTeamHealth"":10}]",2026-03-06T09:30:32.400023502Z,"[{""turnNumber"":1,""actions"":[""ATTACK"",""BLOCK"",""HEAL""],""roles"":[""FIGHTER"",""TANK"",""MEDIC""],""enemyIntent"":""WILL_ATTACK"",""previousEnemyHealth"":24,""previousTeamHealth"":10,""damageToEnemy"":4,""damageToTeam"":3,""damageBlocked"":4,""healAmount"":4,""newEnemyHealth"":20,""newTeamHealth"":11},{""turnNumber"":2,""actions"":[""ATTACK"",""ATTACK"",""HEAL""],""roles"":[""FIGHTER"",""TANK"",""MEDIC""],""enemyIntent"":""WILL_NOT_ATTACK"",""previousEnemyHealth"":20,""previousTeamHealth"":11,""damageToEnemy"":5,""damageToTeam"":0,""damageBlocked"":0,""healAmount"":4,""newEnemyHealth"":15,""newTeamHealth"":15}]",2026-03-06T09:30:50.939844632Z,"[{""turnNumber"":1,""actions"":[""ATTACK"",""BLOCK"",""ATTACK""],""roles"":[""FIGHTER"",""TANK"",""FIGHTER""],""enemyIntent"":""WILL_ATTACK"",""previousEnemyHealth"":15,""previousTeamHealth"":15,""damageToEnemy"":5,""damageToTeam"":3,""damageBlocked"":4,""healAmount"":0,""newEnemyHealth"":10,""newTeamHealth"":12},{""turnNumber"":2,""actions"":[""ATTACK"",""BLOCK"",""ATTACK""],""roles"":[""FIGHTER"",""TANK"",""FIGHTER""],""enemyIntent"":""WILL_ATTACK"",""previousEnemyHealth"":10,""previousTeamHealth"":12,""damageToEnemy"":5,""damageToTeam"":3,""damageBlocked"":4,""healAmount"":0,""newEnemyHealth"":5,""newTeamHealth"":9}]",2026-03-06T09:31:29.02937098Z,"[{""turnNumber"":1,""actions"":[""ATTACK"",""ATTACK"",""HEAL""],""roles"":[""FIGHTER"",""TANK"",""MEDIC""],""enemyIntent"":""WILL_NOT_ATTACK"",""previousEnemyHealth"":5,""previousTeamHealth"":9,""damageToEnemy"":5,""damageToTeam"":0,""damageBlocked"":0,""healAmount"":4,""newEnemyHealth"":0,""newTeamHealth"":13}]",2026-03-06T09:31:52.176809763Z,,,6,2026-03-06T09:32:06.21595211Z,4,2026-03-06T09:31:52.176809763Z,true,2026-03-06T09:29:53.691520051Z,13,2026-03-06T09:31:52.176809763Z
01KK18AH4922JFJNXYD0XH8Z18,01KK14SSXNQ645HH7AJXYEQV6N,2026-03-06T09:40:39.689450577Z,true,2026-03-06T09:41:22.14437327Z,0,2026-03-06T09:41:10.878948045Z,"[""WILL_ATTACK"",""WILL_ATTACK"",""WILL_ATTACK"",""WILL_NOT_ATTACK"",""WILL_ATTACK"",""WILL_ATTACK"",""WILL_NOT_ATTACK"",""WILL_ATTACK"",""WILL_ATTACK"",""WILL_ATTACK""]",2026-03-06T09:40:39.945194178Z,01KK14SSY8E64SK69715NN1TMW,2026-03-06T09:40:39.689450577Z,7,2026-03-06T09:40:39.689450577Z,Round 8,2026-03-06T09:40:39.689450577Z,LOSE,2026-03-06T09:41:10.878948045Z,42222,2026-03-06T09:41:22.168471598Z,Defeat! Your team was defeated.,2026-03-06T09:41:10.878948045Z,1772790082162,2026-03-06T09:41:22.168471598Z,true,2026-03-06T09:40:39.945194178Z,8,2026-03-06T09:40:39.689450577Z,1772790039940,2026-03-06T09:40:39.945194178Z,"[{""turnNumber"":1,""actions"":[""ATTACK"",""ATTACK"",""ATTACK""],""roles"":[""FIGHTER"",""FIGHTER"",""MEDIC""],""enemyIntent"":""WILL_ATTACK"",""previousEnemyHealth"":30,""previousTeamHealth"":15,""damageToEnemy"":6,""damageToTeam"":7,""damageBlocked"":0,""healAmount"":0,""newEnemyHealth"":24,""newTeamHealth"":8},{""turnNumber"":2,""actions"":[""ATTACK"",""ATTACK"",""HEAL""],""roles"":[""FIGHTER"",""FIGHTER"",""MEDIC""],""enemyIntent"":""WILL_ATTACK"",""previousEnemyHealth"":24,""previousTeamHealth"":8,""damageToEnemy"":5,""damageToTeam"":7,""damageBlocked"":0,""healAmount"":4,""newEnemyHealth"":19,""newTeamHealth"":5}]",2026-03-06T09:40:46.828107964Z,"[{""turnNumber"":1,""actions"":[""ATTACK"",""ATTACK"",""HEAL""],""roles"":[""FIGHTER"",""FIGHTER"",""MEDIC""],""enemyIntent"":""WILL_ATTACK"",""previousEnemyHealth"":19,""previousTeamHealth"":5,""damageToEnemy"":5,""damageToTeam"":7,""damageBlocked"":0,""healAmount"":4,""newEnemyHealth"":14,""newTeamHealth"":2},{""turnNumber"":2,""actions"":[""ATTACK"",""ATTACK"",""HEAL""],""roles"":[""FIGHTER"",""FIGHTER"",""MEDIC""],""enemyIntent"":""WILL_NOT_ATTACK"",""previousEnemyHealth"":14,""previousTeamHealth"":2,""damageToEnemy"":5,""damageToTeam"":0,""damageBlocked"":0,""healAmount"":4,""newEnemyHealth"":9,""newTeamHealth"":6}]",2026-03-06T09:40:59.885135075Z,"[{""turnNumber"":1,""actions"":[""ATTACK"",""ATTACK"",""HEAL""],""roles"":[""FIGHTER"",""FIGHTER"",""MEDIC""],""enemyIntent"":""WILL_ATTACK"",""previousEnemyHealth"":9,""previousTeamHealth"":6,""damageToEnemy"":5,""damageToTeam"":7,""damageBlocked"":0,""healAmount"":4,""newEnemyHealth"":4,""newTeamHealth"":3},{""turnNumber"":2,""actions"":[""ATTACK"",""ATTACK"",""HEAL""],""roles"":[""FIGHTER"",""FIGHTER"",""MEDIC""],""enemyIntent"":""WILL_ATTACK"",""previousEnemyHealth"":4,""previousTeamHealth"":3,""damageToEnemy"":5,""damageToTeam"":7,""damageBlocked"":0,""healAmount"":4,""newEnemyHealth"":0,""newTeamHealth"":0}]",2026-03-06T09:41:10.878948045Z,,,,,5,2026-03-06T09:41:15.600290119Z,3,2026-03-06T09:41:10.878948045Z,true,2026-03-06T09:40:39.871824591Z,0,2026-03-06T09:41:10.878948045Z
01KK16XXK4T3Z2ZJ0JBVS4Z11D,01KK14SQV0P481Z3K7NG2WAD1J,2026-03-06T09:16:17.892713699Z,true,2026-03-06T09:18:27.18975445Z,30,2026-03-06T09:16:18.175266552Z,"[""WILL_ATTACK"",""WILL_ATTACK"",""WILL_ATTACK"",""WILL_ATTACK"",""WILL_ATTACK"",""WILL_ATTACK"",""WILL_ATTACK"",""WILL_ATTACK"",""WILL_ATTACK"",""WILL_ATTACK""]",2026-03-06T09:16:18.175266552Z,01KK14SQVR4MGX2VVSH2ZAT939,2026-03-06T09:16:17.892713699Z,7,2026-03-06T09:16:17.892713699Z,Round 8,2026-03-06T09:16:17.892713699Z,TIMEOUT,2026-03-06T09:17:51.804734846Z,129041,2026-03-06T09:18:27.221351867Z,Time's up! You couldn't defeat the enemy in time.,2026-03-06T09:17:51.804734846Z,1772788707209,2026-03-06T09:18:27.221351867Z,true,2026-03-06T09:16:18.175266552Z,8,2026-03-06T09:16:17.892713699Z,1772788578168,2026-03-06T09:16:18.175266552Z,,,,,,,,,,,7,2026-03-06T09:18:01.115861096Z,5,2026-03-06T09:17:51.804734846Z,true,2026-03-06T09:16:18.118582852Z,5,2026-03-06T09:16:18.175266552Z
01KK176V19TJ7SKV9075C25VP0,01KK14SRVPK023675GC61HZ1SF,2026-03-06T09:21:10.185950126Z,true,2026-03-06T09:23:29.511906378Z,30,2026-03-06T09:21:10.471929851Z,"[""WILL_ATTACK"",""WILL_ATTACK"",""WILL_ATTACK"",""WILL_ATTACK"",""WILL_ATTACK"",""WILL_ATTACK"",""WILL_ATTACK"",""WILL_ATTACK"",""WILL_ATTACK"",""WILL_ATTACK""]",2026-03-06T09:21:10.471929851Z,01KK14SRWHSKEAMQEN2G8SHW8V,2026-03-06T09:21:10.185950126Z,3,2026-03-06T09:21:10.185950126Z,Round 4,2026-03-06T09:21:10.185950126Z,WIN,2026-03-06T09:23:10.687052528Z,139154,2026-03-06T09:23:29.626721919Z,Victory!,2026-03-06T09:23:10.687052528Z,1772789009619,2026-03-06T09:23:29.626721919Z,true,2026-03-06T09:21:10.471929851Z,4,2026-03-06T09:21:10.185950126Z,1772788870465,2026-03-06T09:21:10.471929851Z,,,,,,,,,,,6,2026-03-06T09:23:10.687052528Z,5,2026-03-06T09:23:10.687052528Z,true,2026-03-06T09:21:10.384176518Z,5,2026-03-06T09:21:10.471929851Z
01KK1889XRBYCZT4KAXAE7T2HH,01KK14SSXNQ645HH7AJXYEQV6N,2026-03-06T09:39:26.777122174Z,true,2026-03-06T09:40:07.129101733Z,0,2026-03-06T09:40:01.400899354Z,"[""WILL_ATTACK"",""WILL_ATTACK"",""WILL_NOT_ATTACK"",""WILL_NOT_ATTACK"",""WILL_NOT_ATTACK"",""WILL_NOT_ATTACK"",""WILL_NOT_ATTACK"",""WILL_NOT_ATTACK"",""WILL_ATTACK"",""WILL_ATTACK""]",2026-03-06T09:39:27.072242423Z,01KK14SSY8E64SK69715NN1TMW,2026-03-06T09:39:26.777122174Z,5,2026-03-06T09:39:26.777122174Z,Round 6,2026-03-06T09:39:26.777122174Z,WIN,2026-03-06T09:40:01.400899354Z,40195,2026-03-06T09:40:07.267781122Z,Victory! You defeated the enemy!,2026-03-06T09:40:01.400899354Z,1772790007264,2026-03-06T09:40:07.267781122Z,true,2026-03-06T09:39:27.072242423Z,6,2026-03-06T09:39:26.777122174Z,1772789967069,2026-03-06T09:39:27.072242423Z,"[{""turnNumber"":1,""actions"":[""ATTACK"",""ATTACK"",""ATTACK""],""roles"":[""FIGHTER"",""MEDIC"",""FIGHTER""],""enemyIntent"":""WILL_ATTACK"",""previousEnemyHealth"":30,""previousTeamHealth"":15,""damageToEnemy"":6,""damageToTeam"":2,""damageBlocked"":0,""healAmount"":0,""newEnemyHealth"":24,""newTeamHealth"":13},{""turnNumber"":2,""actions"":[""ATTACK"",""HEAL"",""ATTACK""],""roles"":[""FIGHTER"",""MEDIC"",""FIGHTER""],""enemyIntent"":""WILL_ATTACK"",""previousEnemyHealth"":24,""previousTeamHealth"":13,""damageToEnemy"":4,""damageToTeam"":2,""damageBlocked"":0,""healAmount"":2,""newEnemyHealth"":20,""newTeamHealth"":13}]",2026-03-06T09:39:30.334291288Z,"[{""turnNumber"":1,""actions"":[""ATTACK"",""ATTACK"",""ATTACK""],""roles"":[""FIGHTER"",""FIGHTER"",""FIGHTER""],""enemyIntent"":""WILL_NOT_ATTACK"",""previousEnemyHealth"":20,""previousTeamHealth"":13,""damageToEnemy"":6,""damageToTeam"":0,""damageBlocked"":0,""healAmount"":0,""newEnemyHealth"":14,""newTeamHealth"":13},{""turnNumber"":2,""actions"":[""ATTACK"",""ATTACK"",""ATTACK""],""roles"":[""FIGHTER"",""FIGHTER"",""FIGHTER""],""enemyIntent"":""WILL_NOT_ATTACK"",""previousEnemyHealth"":14,""previousTeamHealth"":13,""damageToEnemy"":6,""damageToTeam"":0,""damageBlocked"":0,""healAmount"":0,""newEnemyHealth"":8,""newTeamHealth"":13}]",2026-03-06T09:39:50.179178773Z,"[{""turnNumber"":1,""actions"":[""ATTACK"",""ATTACK"",""ATTACK""],""roles"":[""FIGHTER"",""FIGHTER"",""FIGHTER""],""enemyIntent"":""WILL_NOT_ATTACK"",""previousEnemyHealth"":8,""previousTeamHealth"":13,""damageToEnemy"":6,""damageToTeam"":0,""damageBlocked"":0,""healAmount"":0,""newEnemyHealth"":2,""newTeamHealth"":13},{""turnNumber"":2,""actions"":[""ATTACK"",""ATTACK"",""ATTACK""],""roles"":[""FIGHTER"",""FIGHTER"",""FIGHTER""],""enemyIntent"":""WILL_NOT_ATTACK"",""previousEnemyHealth"":2,""previousTeamHealth"":13,""damageToEnemy"":6,""damageToTeam"":0,""damageBlocked"":0,""healAmount"":0,""newEnemyHealth"":0,""newTeamHealth"":13}]",2026-03-06T09:40:01.400899354Z,,,,,4,2026-03-06T09:40:01.400899354Z,3,2026-03-06T09:40:01.400899354Z,true,2026-03-06T09:39:26.997865473Z,13,2026-03-06T09:39:30.334291288Z
01KK16FZD1TXP2Q3TSAS2S2PJG,01KK14SRVPK023675GC61HZ1SF,2026-03-06T09:08:40.993589711Z,true,2026-03-06T09:13:36.993521969Z,0,2026-03-06T09:13:13.709537084Z,"[""WILL_ATTACK"",""WILL_ATTACK"",""WILL_NOT_ATTACK"",""WILL_NOT_ATTACK"",""WILL_NOT_ATTACK"",""WILL_NOT_ATTACK"",""WILL_NOT_ATTACK"",""WILL_NOT_ATTACK"",""WILL_ATTACK"",""WILL_ATTACK""]",2026-03-06T09:08:41.219767237Z,01KK14SRWHSKEAMQEN2G8SHW8V,2026-03-06T09:08:40.993589711Z,0,2026-03-06T09:08:40.993589711Z,Round 1,2026-03-06T09:08:40.993589711Z,WIN,2026-03-06T09:13:13.709537084Z,295874,2026-03-06T09:13:37.091932993Z,Victory! You defeated the enemy!,2026-03-06T09:13:13.709537084Z,1772788417088,2026-03-06T09:13:37.091932993Z,true,2026-03-06T09:08:41.219767237Z,1,2026-03-06T09:08:40.993589711Z,1772788121214,2026-03-06T09:08:41.219767237Z,"[{""turnNumber"":1,""actions"":[""ATTACK"",""ATTACK"",""ATTACK""],""roles"":[""FIGHTER"",""FIGHTER"",""FIGHTER""],""enemyIntent"":""WILL_ATTACK"",""previousEnemyHealth"":30,""previousTeamHealth"":15,""damageToEnemy"":6,""damageToTeam"":2,""damageBlocked"":0,""healAmount"":0,""newEnemyHealth"":24,""newTeamHealth"":13},{""turnNumber"":2,""actions"":[""ATTACK"",""ATTACK"",""ATTACK""],""roles"":[""FIGHTER"",""FIGHTER"",""FIGHTER""],""enemyIntent"":""WILL_ATTACK"",""previousEnemyHealth"":24,""previousTeamHealth"":13,""damageToEnemy"":6,""damageToTeam"":2,""damageBlocked"":0,""healAmount"":0,""newEnemyHealth"":18,""newTeamHealth"":11}]",2026-03-06T09:09:03.170878671Z,"[{""turnNumber"":1,""actions"":[""ATTACK"",""HEAL"",""ATTACK""],""roles"":[""TANK"",""MEDIC"",""FIGHTER""],""enemyIntent"":""WILL_NOT_ATTACK"",""previousEnemyHealth"":18,""previousTeamHealth"":11,""damageToEnemy"":4,""damageToTeam"":0,""damageBlocked"":0,""healAmount"":2,""newEnemyHealth"":14,""newTeamHealth"":13},{""turnNumber"":2,""actions"":[""ATTACK"",""HEAL"",""ATTACK""],""roles"":[""TANK"",""MEDIC"",""FIGHTER""],""enemyIntent"":""WILL_NOT_ATTACK"",""previousEnemyHealth"":14,""previousTeamHealth"":13,""damageToEnemy"":4,""damageToTeam"":0,""damageBlocked"":0,""healAmount"":2,""newEnemyHealth"":10,""newTeamHealth"":15}]",2026-03-06T09:12:18.096731557Z,"[{""turnNumber"":1,""actions"":[""ATTACK"",""ATTACK"",""ATTACK""],""roles"":[""FIGHTER"",""FIGHTER"",""FIGHTER""],""enemyIntent"":""WILL_NOT_ATTACK"",""previousEnemyHealth"":10,""previousTeamHealth"":15,""damageToEnemy"":6,""damageToTeam"":0,""damageBlocked"":0,""healAmount"":0,""newEnemyHealth"":4,""newTeamHealth"":15},{""turnNumber"":2,""actions"":[""ATTACK"",""ATTACK"",""ATTACK""],""roles"":[""FIGHTER"",""FIGHTER"",""FIGHTER""],""enemyIntent"":""WILL_NOT_ATTACK"",""previousEnemyHealth"":4,""previousTeamHealth"":15,""damageToEnemy"":6,""damageToTeam"":0,""damageBlocked"":0,""healAmount"":0,""newEnemyHealth"":0,""newTeamHealth"":15}]",2026-03-06T09:13:13.709537084Z,,,,,4,2026-03-06T09:13:13.709537084Z,3,2026-03-06T09:13:13.709537084Z,true,2026-03-06T09:08:41.098428533Z,15,2026-03-06T09:12:18.096731557Z
01KK16S0DEE1KZJ24YR40AY0G8,01KK14SRVPK023675GC61HZ1SF,2026-03-06T09:13:36.942423665Z,true,2026-03-06T09:18:00.324486063Z,0,2026-03-06T09:16:11.365998042Z,"[""WILL_ATTACK"",""WILL_NOT_ATTACK"",""WILL_NOT_ATTACK"",""WILL_NOT_ATTACK"",""WILL_NOT_ATTACK"",""WILL_ATTACK"",""WILL_NOT_ATTACK"",""WILL_NOT_ATTACK"",""WILL_NOT_ATTACK"",""WILL_NOT_ATTACK""]",2026-03-06T09:13:37.177976692Z,01KK14SRWHSKEAMQEN2G8SHW8V,2026-03-06T09:13:36.942423665Z,1,2026-03-06T09:13:36.942423665Z,Round 2,2026-03-06T09:13:36.942423665Z,WIN,2026-03-06T09:16:11.365998042Z,263277,2026-03-06T09:18:00.454419438Z,Victory! You defeated the enemy!,2026-03-06T09:16:11.365998042Z,1772788680451,2026-03-06T09:18:00.454419438Z,true,2026-03-06T09:13:37.177976692Z,2,2026-03-06T09:13:36.942423665Z,1772788417174,2026-03-06T09:13:37.177976692Z,"[{""turnNumber"":1,""actions"":[""ATTACK"",""ATTACK"",""ATTACK""],""roles"":[""MEDIC"",""FIGHTER"",""FIGHTER""],""enemyIntent"":""WILL_ATTACK"",""previousEnemyHealth"":30,""previousTeamHealth"":10,""damageToEnemy"":8,""damageToTeam"":9,""damageBlocked"":0,""healAmount"":0,""newEnemyHealth"":22,""newTeamHealth"":1},{""turnNumber"":2,""actions"":[""HEAL"",""ATTACK"",""ATTACK""],""roles"":[""MEDIC"",""FIGHTER"",""FIGHTER""],""enemyIntent"":""WILL_NOT_ATTACK"",""previousEnemyHealth"":22,""previousTeamHealth"":1,""damageToEnemy"":4,""damageToTeam"":0,""damageBlocked"":0,""healAmount"":1,""newEnemyHealth"":18,""newTeamHealth"":2}]",2026-03-06T09:14:08.275880664Z,"[{""turnNumber"":1,""actions"":[""HEAL"",""ATTACK"",""ATTACK""],""roles"":[""MEDIC"",""FIGHTER"",""FIGHTER""],""enemyIntent"":""WILL_NOT_ATTACK"",""previousEnemyHealth"":18,""previousTeamHealth"":2,""damageToEnemy"":4,""damageToTeam"":0,""damageBlocked"":0,""healAmount"":1,""newEnemyHealth"":14,""newTeamHealth"":3},{""turnNumber"":2,""actions"":[""HEAL"",""ATTACK"",""ATTACK""],""roles"":[""MEDIC"",""FIGHTER"",""FIGHTER""],""enemyIntent"":""WILL_NOT_ATTACK"",""previousEnemyHealth"":14,""previousTeamHealth"":3,""damageToEnemy"":4,""damageToTeam"":0,""damageBlocked"":0,""healAmount"":1,""newEnemyHealth"":10,""newTeamHealth"":4}]",2026-03-06T09:14:29.98873145Z,"[{""turnNumber"":1,""actions"":[""HEAL"",""HEAL"",""ATTACK""],""roles"":[""MEDIC"",""MEDIC"",""FIGHTER""],""enemyIntent"":""WILL_NOT_ATTACK"",""previousEnemyHealth"":10,""previousTeamHealth"":4,""damageToEnemy"":2,""damageToTeam"":0,""damageBlocked"":0,""healAmount"":3,""newEnemyHealth"":8,""newTeamHealth"":7},{""turnNumber"":2,""actions"":[""HEAL"",""HEAL"",""ATTACK""],""roles"":[""MEDIC"",""MEDIC"",""FIGHTER""],""enemyIntent"":""WILL_ATTACK"",""previousEnemyHealth"":8,""previousTeamHealth"":7,""damageToEnemy"":2,""damageToTeam"":9,""damageBlocked"":0,""healAmount"":3,""newEnemyHealth"":6,""newTeamHealth"":1}]",2026-03-06T09:15:02.967905568Z,"[{""turnNumber"":1,""actions"":[""HEAL"",""ATTACK"",""ATTACK""],""roles"":[""MEDIC"",""FIGHTER"",""TANK""],""enemyIntent"":""WILL_NOT_ATTACK"",""previousEnemyHealth"":6,""previousTeamHealth"":1,""damageToEnemy"":4,""damageToTeam"":0,""damageBlocked"":0,""healAmount"":1,""newEnemyHealth"":2,""newTeamHealth"":2},{""turnNumber"":2,""actions"":[""HEAL"",""ATTACK"",""ATTACK""],""roles"":[""MEDIC"",""FIGHTER"",""TANK""],""enemyIntent"":""WILL_NOT_ATTACK"",""previousEnemyHealth"":2,""previousTeamHealth"":2,""damageToEnemy"":4,""damageToTeam"":0,""damageBlocked"":0,""healAmount"":1,""newEnemyHealth"":0,""newTeamHealth"":3}]",2026-03-06T09:16:11.365998042Z,,,5,2026-03-06T09:16:11.365998042Z,4,2026-03-06T09:16:11.365998042Z,true,2026-03-06T09:13:37.105843706Z,3,2026-03-06T09:16:11.365998042Z
01KK16VJXQA01MCD21FT5WRE76,01KK14SQV0P481Z3K7NG2WAD1J,2026-03-06T09:15:01.431778984Z,true,2026-03-06T09:16:17.953147151Z,0,2026-03-06T09:16:10.521654153Z,"[""WILL_ATTACK"",""WILL_ATTACK"",""WILL_NOT_ATTACK"",""WILL_NOT_ATTACK"",""WILL_ATTACK"",""WILL_ATTACK"",""WILL_NOT_ATTACK"",""WILL_NOT_ATTACK"",""WILL_ATTACK"",""WILL_ATTACK""]",2026-03-06T09:15:01.99512828Z,01KK14SQVR4MGX2VVSH2ZAT939,2026-03-06T09:15:01.431778984Z,6,2026-03-06T09:15:01.431778984Z,Round 7,2026-03-06T09:15:01.431778984Z,WIN,2026-03-06T09:16:10.521654153Z,76099,2026-03-06T09:16:18.091196484Z,Victory! You defeated the enemy!,2026-03-06T09:16:10.521654153Z,1772788578087,2026-03-06T09:16:18.091196484Z,true,2026-03-06T09:15:01.99512828Z,7,2026-03-06T09:15:01.431778984Z,1772788501988,2026-03-06T09:15:01.99512828Z,"[{""turnNumber"":1,""actions"":[""ATTACK"",""BLOCK"",""ATTACK""],""roles"":[""MEDIC"",""TANK"",""FIGHTER""],""enemyIntent"":""WILL_ATTACK"",""previousEnemyHealth"":25,""previousTeamHealth"":15,""damageToEnemy"":3,""damageToTeam"":3,""damageBlocked"":2,""healAmount"":0,""newEnemyHealth"":22,""newTeamHealth"":12},{""turnNumber"":2,""actions"":[""HEAL"",""BLOCK"",""ATTACK""],""roles"":[""MEDIC"",""TANK"",""FIGHTER""],""enemyIntent"":""WILL_ATTACK"",""previousEnemyHealth"":22,""previousTeamHealth"":12,""damageToEnemy"":2,""damageToTeam"":3,""damageBlocked"":2,""healAmount"":4,""newEnemyHealth"":20,""newTeamHealth"":13}]",2026-03-06T09:15:12.656418095Z,"[{""turnNumber"":1,""actions"":[""HEAL"",""HEAL"",""ATTACK""],""roles"":[""MEDIC"",""MEDIC"",""FIGHTER""],""enemyIntent"":""WILL_NOT_ATTACK"",""previousEnemyHealth"":20,""previousTeamHealth"":13,""damageToEnemy"":2,""damageToTeam"":0,""damageBlocked"":0,""healAmount"":6,""newEnemyHealth"":18,""newTeamHealth"":15},{""turnNumber"":2,""actions"":[""ATTACK"",""ATTACK"",""ATTACK""],""roles"":[""MEDIC"",""MEDIC"",""FIGHTER""],""enemyIntent"":""WILL_NOT_ATTACK"",""previousEnemyHealth"":18,""previousTeamHealth"":15,""damageToEnemy"":5,""damageToTeam"":0,""damageBlocked"":0,""healAmount"":0,""newEnemyHealth"":13,""newTeamHealth"":15}]",2026-03-06T09:15:31.208149371Z,"[{""turnNumber"":1,""actions"":[""ATTACK"",""BLOCK"",""ATTACK""],""roles"":[""MEDIC"",""TANK"",""FIGHTER""],""enemyIntent"":""WILL_ATTACK"",""previousEnemyHealth"":13,""previousTeamHealth"":15,""damageToEnemy"":3,""damageToTeam"":3,""damageBlocked"":2,""healAmount"":0,""newEnemyHealth"":10,""newTeamHealth"":12},{""turnNumber"":2,""actions"":[""HEAL"",""BLOCK"",""ATTACK""],""roles"":[""MEDIC"",""TANK"",""FIGHTER""],""enemyIntent"":""WILL_ATTACK"",""previousEnemyHealth"":10,""previousTeamHealth"":12,""damageToEnemy"":2,""damageToTeam"":3,""damageBlocked"":2,""healAmount"":4,""newEnemyHealth"":8,""newTeamHealth"":13}]",2026-03-06T09:15:49.369436156Z,"[{""turnNumber"":1,""actions"":[""HEAL"",""ATTACK"",""ATTACK""],""roles"":[""MEDIC"",""TANK"",""FIGHTER""],""enemyIntent"":""WILL_NOT_ATTACK"",""previousEnemyHealth"":8,""previousTeamHealth"":13,""damageToEnemy"":4,""damageToTeam"":0,""damageBlocked"":0,""healAmount"":4,""newEnemyHealth"":4,""newTeamHealth"":15},{""turnNumber"":2,""actions"":[""ATTACK"",""ATTACK"",""ATTACK""],""roles"":[""MEDIC"",""TANK"",""FIGHTER""],""enemyIntent"":""WILL_NOT_ATTACK"",""previousEnemyHealth"":4,""previousTeamHealth"":15,""damageToEnemy"":5,""damageToTeam"":0,""damageBlocked"":0,""healAmount"":0,""newEnemyHealth"":0,""newTeamHealth"":15}]",2026-03-06T09:16:10.521654153Z,,,5,2026-03-06T09:16:10.521654153Z,4,2026-03-06T09:16:10.521654153Z,true,2026-03-06T09:15:01.785916961Z,15,2026-03-06T09:16:10.521654153Z
